Time,Pleth
53:04.5,10.57
53:04.5,7.7
53:04.6,6.05
53:04.6,6.41
53:04.6,7.17
53:04.6,8.2
53:04.7,9.51
53:04.7,10.79
53:04.7,11.73
53:04.7,12.37
53:04.7,12.02
53:04.7,11.56
53:04.8,11.02
53:04.8,10.59
53:04.8,10.68
53:04.8,12.3
53:04.8,12.47
53:04.9,10.46
53:04.9,7.41
53:04.9,3.89
53:04.9,0.57
53:05.0,-20.72
53:05.0,102.02
53:05.0,113.14
53:05.0,8.34
53:05.0,-47.03
53:05.1,-46.14
53:05.1,-41.67
53:05.1,-35.55
53:05.1,-27.42
53:05.1,-18.6
53:05.2,-5.8
53:05.2,8.41
53:05.2,14.88
53:05.2,11.53
53:05.2,6.06
53:05.3,3
53:05.3,1.65
53:05.3,1.41
53:05.3,1.3
53:05.3,1.68
53:05.4,2.38
53:05.4,3.61
53:05.4,4.98
53:05.4,6.39
53:05.4,7.17
53:05.5,7.67
53:05.5,7.75
53:05.5,8
53:05.5,10.22
53:05.5,16.22
53:05.6,21.29
53:05.6,16.7
53:05.6,11.96
53:05.6,8.55
53:05.6,6.03
53:05.6,-9.29
53:05.7,39.78
53:05.7,115.42
53:05.7,-10.08
53:05.7,-47.24
53:05.8,-42.1
53:05.8,-38.04
53:05.8,-32.09
53:05.8,-26.3
53:05.8,-19.86
53:05.8,-9.7
53:05.9,4.72
53:05.9,12.98
53:05.9,9.99
53:05.9,3.85
53:06.0,-1.81
53:06.0,-4.51
53:06.0,-5.17
53:06.0,-5.11
53:06.0,-4.06
53:06.0,-1.93
53:06.0,1.28
53:06.1,5.09
53:06.1,7.23
53:06.1,8.32
53:06.1,8.88
53:06.2,8.92
53:06.2,9.16
53:06.2,10.31
53:06.2,13.56
53:06.3,15.16
53:06.3,11.69
53:06.3,6.91
53:06.3,3.67
53:06.3,0.72
53:06.3,-19.54
53:06.4,123.59
53:06.4,93.97
53:06.4,-19.02
53:06.4,-45.79
53:06.5,-42.04
53:06.5,-36.65
53:06.5,-31.65
53:06.5,-26.28
53:06.5,-17.97
53:06.5,-3.67
53:06.6,12.12
53:06.6,17.57
53:06.6,12.83
53:06.6,6.33
53:06.6,2.93
53:06.7,1.56
53:06.7,0.98
53:06.7,0.98
53:06.7,0.99
53:06.8,1.94
53:06.8,3.06
53:06.8,4.79
53:06.8,6.05
53:06.8,7.52
53:06.9,8.28
53:06.9,7.93
53:06.9,7.71
53:06.9,7.97
53:06.9,10.25
53:06.9,11.65
53:06.9,9.03
53:07.0,4.69
53:07.0,1.73
53:07.0,0.57
53:07.0,-9.81
53:07.1,36.59
53:07.1,145.2
53:07.1,-19.89
53:07.1,-57.82
53:07.1,-52.19
53:07.2,-46.26
53:07.2,-39.64
53:07.2,-33.29
53:07.2,-26.09
53:07.2,-14.33
53:07.3,2.37
53:07.3,16.06
53:07.3,14
53:07.3,9.32
53:07.3,4.81
53:07.4,2.49
53:07.4,1.87
53:07.4,1.59
53:07.4,1.43
53:07.4,2.2
53:07.4,3.52
53:07.5,4.7
53:07.5,5.61
53:07.5,7.06
53:07.5,7.92
53:07.5,8.49
53:07.6,8.62
53:07.6,8.7
53:07.6,10.17
53:07.6,13.8
53:07.7,13.5
53:07.7,10.16
53:07.7,5.88
53:07.7,2.79
53:07.7,-2.29
53:07.8,-26.36
53:07.8,193.84
53:07.8,54.14
53:07.8,-53.77
53:07.8,-59.51
53:07.9,-54.41
53:07.9,-48.41
53:07.9,-40.25
53:07.9,-31.5
53:07.9,-20.56
53:08.0,-4.51
53:08.0,8.96
53:08.0,13.01
53:08.0,9.38
53:08.1,4.98
53:08.1,1.66
53:08.1,0.47
53:08.1,0.3
53:08.1,0.22
53:08.2,0.39
53:08.2,0.7
53:08.2,1.67
53:08.2,2.61
53:08.2,3.42
53:08.2,4.53
53:08.2,5.43
53:08.3,6.1
53:08.3,6.57
53:08.3,7.35
53:08.3,10.53
53:08.4,12.48
53:08.4,9.11
53:08.4,4.98
53:08.4,1.83
53:08.4,0.6
53:08.4,-14.63
53:08.5,76.53
53:08.5,105.08
53:08.5,-4
53:08.5,-46.38
53:08.5,-43.55
53:08.6,-39.56
53:08.6,-33.04
53:08.8,-27.7
53:08.8,-20.12
53:08.8,-6.61
53:08.8,8.89
53:08.8,15.85
53:08.8,12.45
53:08.8,6.49
53:08.8,2.09
53:08.8,0.58
53:08.8,0.35
53:08.8,0.25
53:08.8,0.66
53:08.9,1.8
53:08.9,3.09
53:08.9,5.25
53:08.9,6.81
53:09.0,7.85
53:09.0,8.2
53:09.0,8.15
53:09.0,8.93
53:09.0,11.59
53:09.0,15.65
53:09.0,13.26
53:09.2,9.97
53:09.2,6.19
53:09.2,3.89
53:09.2,-4.12
53:09.2,14.52
53:09.2,155.51
53:09.2,5.15
53:09.2,-51.46
53:09.2,-44.98
53:09.3,-40.17
53:09.3,-34.36
53:09.3,-29.98
53:09.3,-25.09
53:09.4,-15.64
53:09.4,-1.1
53:09.4,11.05
53:09.4,11.67
53:09.4,7.22
53:09.5,2.03
53:09.5,-0.46
53:09.5,-1.12
53:09.5,-1.08
53:09.5,-1.06
53:09.5,0.16
53:09.5,2.08
53:09.6,4.79
53:09.6,7.42
53:09.6,9.19
53:09.6,9.84
53:09.6,10.19
53:09.7,12.14
53:09.7,17.02
53:09.7,14.8
53:09.7,9.68
53:09.8,5.06
53:09.8,1.64
53:09.8,-4.98
53:09.8,-24.5
53:09.8,183.92
53:09.9,40.65
53:09.9,-55.7
53:09.9,-55.97
53:09.9,-51.14
53:09.9,-45.17
53:09.9,-38.3
53:10.0,-29.93
53:10.0,-20.68
53:10.0,-5.85
53:10.0,8.24
53:10.1,12.13
53:10.1,7.42
53:10.1,3.24
53:10.1,1.21
53:10.1,0.72
53:10.2,0.5
53:10.2,0.62
53:10.2,1.12
53:10.2,2.12
53:10.3,3.26
53:10.3,4.48
53:10.3,5.73
53:10.3,6.66
53:10.3,7.03
53:10.3,9.64
53:10.3,15.08
53:10.4,14.11
53:10.4,9.74
53:10.4,5.86
53:10.4,3.2
53:10.5,-1.91
53:10.5,-26.04
53:10.5,182.84
53:10.5,54.91
53:10.6,-48.48
53:10.6,-53.55
53:10.6,-49.11
53:10.6,-42.96
53:10.6,-35.58
53:10.6,-27.99
53:10.7,-18.9
53:10.7,-5.24
53:10.7,7.5
53:10.7,11.13
53:10.7,8.03
53:10.8,4.42
53:10.8,1.55
53:10.8,0.05
53:10.8,0.39
53:10.9,1.14
53:10.9,2.42
53:10.9,4
53:10.9,5.22
53:10.9,6.95
53:10.9,8.25
53:10.9,8.79
53:11.0,9.92
53:11.0,13.25
53:11.0,18.45
53:11.0,14.92
53:11.1,9.08
53:11.1,4.97
53:11.1,2.11
53:11.1,-3.14
53:11.1,-23.14
53:11.2,173.14
53:11.2,40.52
53:11.2,-48.72
53:11.2,-52.61
53:11.2,-48.31
53:11.2,-42.67
53:11.3,-35.11
53:11.3,-28.89
53:11.3,-18.66
53:11.3,-3
53:11.3,10.02
53:11.4,12
53:11.4,6.9
53:11.4,1.03
53:11.4,-2.62
53:11.4,-3.74
53:11.5,-3.1
53:11.5,-2.47
53:11.5,-1.01
53:11.5,0.75
53:11.6,2.42
53:11.6,4.25
53:11.6,5.51
53:11.6,6.62
53:11.7,8.83
53:11.7,15.05
53:11.7,16.5
53:11.7,12.42
53:11.7,8.24
53:11.8,4.43
53:11.8,1.94
53:11.8,-13.35
53:11.8,73.37
53:11.8,103.74
53:11.8,-9.31
53:11.8,-44.12
53:11.9,-38.32
53:11.9,-32.31
53:11.9,-26.72
53:11.9,-20.06
53:12.0,-12.96
53:12.0,-1.86
53:12.0,10.55
53:12.0,15.4
53:12.0,11.46
53:12.1,4.51
53:12.1,-0.63
53:12.1,-1.33
53:12.1,-1.58
53:12.2,-1.42
53:12.2,-0.4
53:12.2,1.19
53:12.2,4.04
53:12.2,6.94
53:12.2,8.94
53:12.2,10.09
53:12.3,12.35
53:12.3,18.65
53:12.3,22.79
53:12.3,16.69
53:12.4,11.65
53:12.4,7.77
53:12.4,5.05
53:12.4,-4.79
53:12.4,26.68
53:12.4,144.45
53:12.5,-6.95
53:12.5,-51.24
53:12.5,-45.98
53:12.5,-40.21
53:12.6,-33.13
53:12.6,-26.96
53:12.6,-21.05
53:12.6,-10.41
53:12.6,2.13
53:12.6,11.82
53:12.7,10.08
53:12.7,4.74
53:12.7,-1.06
53:12.7,-3.1
53:12.7,-2.64
53:12.8,-1.8
53:12.8,-0.71
53:12.8,0.34
53:12.8,2.2
53:12.9,4.36
53:12.9,5.98
53:12.9,7.34
53:12.9,8.51
53:12.9,9.58
53:12.9,13.2
53:13.0,16.28
53:13.0,11.62
53:13.0,6.19
53:13.0,3.07
53:13.1,1.7
53:13.1,-6.7
53:13.1,21.05
53:13.1,140.15
53:13.1,-12
53:13.1,-52.49
53:13.2,-47.08
53:13.2,-41.25
53:13.2,-35.74
53:13.2,-29.62
53:13.3,-23.45
53:13.3,-11.98
53:13.3,4.31
53:13.3,15.87
53:13.3,12.71
53:13.3,8.43
53:13.4,4.39
53:13.4,2.8
53:13.4,2.49
53:13.4,2.05
53:13.5,2.04
53:13.5,2.84
53:13.5,3.98
53:13.5,5.24
53:13.5,5.99
53:13.5,6.51
53:13.6,6.86
53:13.6,7.11
53:13.6,8.05
53:13.6,11.6
53:13.6,13.21
53:13.7,9.69
53:13.7,5.29
53:13.7,2.4
53:13.8,0.52
53:13.8,-16.84
53:13.8,88.33
53:13.8,107.31
53:13.8,-3.61
53:13.9,-48.23
53:13.9,-45.51
53:13.9,-40.49
53:13.9,-34.67
53:13.9,-28.06
53:13.9,-20.99
53:14.0,-9.33
53:14.0,6.69
53:14.0,13.81
53:14.0,9.84
53:14.0,3.97
53:14.0,0.35
53:14.1,-0.75
53:14.1,-0.84
53:14.1,-0.89
53:14.1,-0.48
53:14.2,0.65
53:14.2,1.94
53:14.2,3.57
53:14.2,5.22
53:14.2,6.1
53:14.3,6.65
53:14.3,7.25
53:14.3,7.67
53:14.3,8.84
53:14.3,12.67
53:14.3,13.96
53:14.4,10.9
53:14.4,7.41
53:14.4,5.53
53:14.4,4.19
53:14.4,-11.17
53:14.5,76.99
53:14.5,102.32
53:14.5,-7.16
53:14.5,-43.87
53:14.5,-40.69
53:14.6,-36.6
53:14.6,-31.46
53:14.6,-25.73
53:14.6,-18.63
53:14.7,-6.16
53:14.7,8.72
53:14.7,13.68
53:14.7,10.61
53:14.7,4.83
53:14.7,-0.18
53:14.8,-2.1
53:14.8,-2.06
53:14.8,-1.75
53:14.8,-1.08
53:14.9,0.84
53:14.9,3.29
53:14.9,6.01
53:14.9,7.55
53:14.9,8.41
53:14.9,8.59
53:15.0,8.93
53:15.0,10.03
53:15.0,13.97
53:15.0,17.11
53:15.0,12.93
53:15.1,7.52
53:15.1,3.77
53:15.1,1.54
53:15.1,-8.87
53:15.2,38.39
53:15.2,118.87
53:15.2,-11.35
53:15.2,-46.48
53:15.2,-38.74
53:15.2,-33.37
53:15.3,-27.29
53:15.3,-20.73
53:15.3,-14.9
53:15.3,-5.42
53:15.3,8.55
53:15.4,18.84
53:15.4,17.68
53:15.4,12.7
53:15.4,8.04
53:15.5,5.59
53:15.5,4.07
53:15.5,3.32
53:15.5,4.14
53:15.5,4.94
53:15.6,6.01
53:15.6,7.36
53:15.6,8.7
53:15.6,9.98
53:15.6,10.58
53:15.6,10.69
53:15.7,10.54
53:15.7,10.82
53:15.7,12.97
53:15.7,14.39
53:15.7,11.3
53:15.8,7.03
53:15.8,3.45
53:15.8,1.02
53:15.8,-14.48
53:15.9,77.85
53:15.9,117.95
53:15.9,-17.47
53:15.9,-52.56
53:15.9,-48.02
53:15.9,-41.85
53:16.0,-34.91
53:16.0,-29.99
53:16.0,-24.37
53:16.0,-14.35
53:16.1,0.34
53:16.1,10.9
53:16.1,9.06
53:16.1,4.09
53:16.1,-0.33
53:16.2,-2.1
53:16.2,-2.46
53:16.2,-2.02
53:16.2,-0.98
53:16.2,0.34
53:16.3,2.23
53:16.3,4.08
53:16.3,6.07
53:16.3,7.79
53:16.3,8.55
53:16.3,8.68
53:16.4,8.52
53:16.4,9.62
53:16.4,13.27
53:16.4,14.67
53:16.4,11.04
53:16.5,6.48
53:16.5,3.47
53:16.5,1.1
53:16.5,-20.63
53:16.6,120.26
53:16.6,96.6
53:16.6,-15.16
53:16.6,-51
53:16.6,-46.91
53:16.7,-42
53:16.7,-36.39
53:16.7,-29.46
53:16.7,-21
53:16.7,-8.77
53:16.7,6.53
53:16.8,15.07
53:16.8,11.39
53:16.8,5.77
53:16.8,2.29
53:16.9,1.23
53:16.9,0.79
53:16.9,0.56
53:16.9,1.38
53:16.9,2.5
53:17.0,3.68
53:17.0,4.86
53:17.0,5.75
53:17.0,6.9
53:17.0,7.49
53:17.0,7.62
53:17.1,8.32
53:17.1,11.54
53:17.1,15.21
53:17.1,11.78
53:17.2,7.99
53:17.2,4.41
53:17.2,2.44
53:17.2,-8.3
53:17.2,4.96
53:17.3,118.07
53:17.3,3.57
53:17.3,-45.99
53:17.3,-45.14
53:17.3,-40.71
53:17.3,-35.08
53:17.4,-27.88
53:17.4,-20.23
53:17.4,-9.86
53:17.4,4.84
53:17.5,14.41
53:17.5,11.68
53:17.5,6.16
53:17.5,1.53
53:17.5,-0.7
53:17.6,-0.41
53:17.6,-0.59
53:17.6,-0.45
53:17.6,0.89
53:17.6,2.69
53:17.7,4.6
53:17.7,5.73
53:17.7,6.42
53:17.7,7.13
53:17.7,7.61
53:17.7,9.1
53:17.7,13.49
53:17.8,14.96
53:17.8,11.37
53:17.8,8.7
53:17.8,6.39
53:17.9,2.73
53:17.9,-21.25
53:17.9,154.76
53:17.9,75.33
53:17.9,-39.13
53:18.0,-48.26
53:18.0,-42.91
53:18.0,-36.46
53:18.0,-29.7
53:18.0,-23.82
53:18.1,-15.94
53:18.1,-2.31
53:18.1,11.73
53:18.1,15.28
53:18.1,11.08
53:18.2,5.75
53:18.2,2.86
53:18.2,1.59
53:18.2,1.02
53:18.2,1.6
53:18.3,2.23
53:18.3,3.15
53:18.3,5.39
53:18.3,7.19
53:18.4,8.13
53:18.4,8.39
53:18.4,8.3
53:18.4,9.05
53:18.4,12.75
53:18.4,14.32
53:18.5,11.1
53:18.5,6.66
53:18.5,3.61
53:18.5,1.62
53:18.5,-18.76
53:18.6,126.93
53:18.6,95.08
53:18.6,-23.29
53:18.6,-51.75
53:18.7,-46.41
53:18.7,-41.05
53:18.7,-35.77
53:18.7,-31.27
53:18.7,-25.25
53:18.7,-13.63
53:18.8,1.82
53:18.8,11.53
53:18.8,10.58
53:18.8,6.57
53:18.9,2.71
53:18.9,1.02
53:18.9,1.01
53:18.9,1.57
53:18.9,1.92
53:18.9,2.83
53:19.0,4.06
53:19.0,5.64
53:19.0,6.64
53:19.0,7.31
53:19.0,7.49
53:19.1,8.25
53:19.1,11.38
53:19.1,13.7
53:19.1,10.5
53:19.1,5.81
53:19.2,2.16
53:19.2,-0.18
53:19.2,-13.97
53:19.2,43.71
53:19.3,137.39
53:19.3,-15.1
53:19.3,-51.73
53:19.3,-47.02
53:19.3,-40.81
53:19.3,-34.95
53:19.4,-29.14
53:19.4,-21.7
53:19.4,-10.12
53:19.4,5.13
53:19.4,13.24
53:19.5,11.9
53:19.5,7.29
53:19.5,3.4
53:19.5,1.83
53:19.5,1.13
53:19.6,0.78
53:19.6,0.84
53:19.6,1.7
53:19.6,3.14
53:19.6,3.91
53:19.7,4.97
53:19.7,5.24
53:19.7,5.42
53:19.7,5.73
53:19.7,8
53:19.7,11.51
53:19.8,9.35
53:19.8,6.2
53:19.8,2.84
53:19.8,0.77
53:19.9,-6.51
53:19.9,-22.59
53:19.9,156.94
53:19.9,31.72
53:20.0,-47.15
53:20.0,-47.91
53:20.0,-43.51
53:20.0,-37.95
53:20.0,-31.35
53:20.0,-24.16
53:20.1,-14.04
53:20.1,0.03
53:20.1,10.71
53:20.1,11.53
53:20.2,6.72
53:20.2,1.64
53:20.2,-0.65
53:20.2,-1.64
53:20.2,-1.08
53:20.2,-0.2
53:20.2,1.21
53:20.3,3.19
53:20.3,5.1
53:20.3,6.78
53:20.3,8.2
53:20.4,8.79
53:20.4,10.23
53:20.4,14.01
53:20.4,18.04
53:20.4,14.01
53:20.5,9.41
53:20.5,4.9
53:20.5,2.54
53:20.5,-6.88
53:20.6,4.58
53:20.6,119.35
53:20.6,3.56
53:20.6,-47.88
53:20.6,-43.69
53:20.6,-37.69
53:20.7,-30.87
53:20.7,-24.9
53:20.7,-19.08
53:20.7,-9.54
53:20.8,4.51
53:20.8,14.17
53:20.8,13.45
53:20.8,9.17
53:20.8,4.99
53:20.8,3.13
53:20.9,2.29
53:20.9,1.22
53:20.9,1.16
53:20.9,2.06
53:20.9,3.27
53:21.0,5.35
53:21.0,6.85
53:21.0,7.86
53:21.0,8.2
53:21.0,9.89
53:21.0,14.93
53:21.1,16.29
53:21.1,11.41
53:21.1,6.15
53:21.1,3.09
53:21.1,-0.51
53:21.2,-25.71
53:21.2,171.51
53:21.2,68.05
53:21.3,-49.59
53:21.3,-56.46
53:21.3,-51.24
53:21.3,-43.65
53:21.3,-37.09
53:21.3,-30.99
53:21.3,-22.41
53:21.4,-9.94
53:21.4,2.95
53:21.4,7.6
53:21.4,5.17
53:21.4,0.3
53:21.5,-1.76
53:21.5,-2.27
53:21.5,-2.18
53:21.5,-1.16
53:21.6,0.42
53:21.6,2.64
53:21.6,4.81
53:21.6,7.02
53:21.6,8.48
53:21.7,9
53:21.7,9.84
53:21.7,13.09
53:21.7,17.9
53:21.7,15.64
53:21.8,10.91
53:21.8,6.27
53:21.8,2.76
53:21.8,-5.31
53:21.8,-12.39
53:21.9,136.43
53:21.9,20.51
53:21.9,-53.12
53:21.9,-53.91
53:21.9,-50.01
53:21.9,-43.91
53:22.0,-36.69
53:22.0,-28.56
53:22.0,-17.26
53:22.1,-6.38
53:22.1,3.98
53:22.1,7.74
53:22.1,3.37
53:22.1,-1.17
53:22.2,-3.99
53:22.2,-4.86
53:22.2,-4.22
53:22.2,-3
53:22.2,-1.55
53:22.2,0.14
53:22.3,1.7
53:22.3,3.73
53:22.3,6.24
53:22.3,7.64
53:22.3,9.12
53:22.4,13.34
53:22.4,16.62
53:22.4,12.91
53:22.4,8.05
53:22.4,4.17
53:22.4,2.23
53:22.5,-7
53:22.5,1.54
53:22.5,122.19
53:22.5,9.88
53:22.6,-47.3
53:22.6,-47.04
53:22.6,-43.24
53:22.6,-36.23
53:22.6,-29.66
53:22.7,-22.77
53:22.7,-13.51
53:22.7,1.11
53:22.7,11.8
53:22.8,11.93
53:22.8,7.24
53:22.8,2.5
53:22.8,0.32
53:22.8,-0.22
53:22.9,-0.47
53:22.9,0.16
53:22.9,1.09
53:22.9,2.57
53:22.9,4.12
53:22.9,5.61
53:22.9,6.36
53:23.0,7.37
53:23.0,10.03
53:23.0,15.64
53:23.0,16.29
53:23.0,11.97
53:23.1,8.03
53:23.1,4.83
53:23.1,0.54
53:23.2,-24.3
53:23.2,156.63
53:23.2,73.42
53:23.2,-37.08
53:23.2,-44.39
53:23.2,-39.78
53:23.3,-35.22
53:23.3,-31.16
53:23.3,-27.29
53:23.3,-20.22
53:23.3,-6.63
53:23.4,6.23
53:23.4,9.38
53:23.4,5.24
53:23.4,-0.11
53:23.4,-4.07
53:23.4,-5.93
53:23.5,-5.96
53:23.5,-5.4
53:23.5,-3.77
53:23.5,-0.89
53:23.6,2.38
53:23.6,5.51
53:23.6,7.39
53:23.6,9.51
53:23.6,13.03
53:23.6,18.48
53:23.7,13.82
53:23.7,8.05
53:23.7,4.41
53:23.7,2.35
53:23.8,-3.03
53:23.8,-16.58
53:23.8,161.32
53:23.8,36.76
53:23.8,-50.49
53:23.9,-46.42
53:23.9,-41.64
53:23.9,-37.73
53:23.9,-32.17
53:23.9,-25.49
53:23.9,-16.58
53:24.0,-2.11
53:24.0,10.03
53:24.0,10.67
53:24.0,6.63
53:24.1,1.84
53:24.1,-0.49
53:24.1,-1.12
53:24.1,-0.76
53:24.1,-0.56
53:24.1,0.45
53:24.2,2.05
53:24.2,4.34
53:24.2,5.93
53:24.2,6.95
53:24.3,7.57
53:24.3,9.56
53:24.3,14.79
53:24.3,16.26
53:24.3,10.89
53:24.3,4.74
53:24.4,1.74
53:24.4,0.96
53:24.4,-14.96
53:24.5,101.76
53:24.5,120.48
53:24.5,-2.16
53:24.5,-52.15
53:24.5,-50.31
53:24.5,-45.05
53:24.5,-39.94
53:24.6,-33.91
53:24.6,-26.07
53:24.6,-12.42
53:24.6,3.67
53:24.7,10.84
53:24.7,9.76
53:24.7,5.77
53:24.7,2.29
53:24.8,0.84
53:24.8,0.16
53:24.8,0.72
53:24.8,2.12
53:24.8,3.82
53:24.8,5.13
53:24.8,6.32
53:24.9,7.12
53:24.9,7.64
53:24.9,8.47
53:24.9,11.57
53:25.0,16.74
53:25.0,14.53
53:25.0,9.83
53:25.0,6.17
53:25.0,3.82
53:25.0,-3.04
53:25.1,-17.13
53:25.1,164.14
53:25.1,29.18
53:25.2,-52.36
53:25.2,-52.04
53:25.2,-48.64
53:25.2,-43.39
53:25.2,-37.76
53:25.2,-30.18
53:25.2,-18.88
53:25.3,-3.88
53:25.3,8.97
53:25.3,10.98
53:25.3,6.35
53:25.3,1.86
53:25.4,0
53:25.4,-0.4
53:25.4,-0.28
53:25.5,-0.21
53:25.5,0.43
53:25.5,1.38
53:25.5,3.15
53:25.5,4.56
53:25.5,5.6
53:25.5,5.71
53:25.6,6.24
53:25.6,9.28
53:25.6,12.63
53:25.6,9.95
53:25.6,5.95
53:25.7,2.41
53:25.7,0.9
53:25.7,-7.65
53:25.8,1.53
53:25.8,111.28
53:25.8,3.33
53:25.8,-46.73
53:25.8,-46.96
53:25.8,-42.3
53:25.8,-36.84
53:25.9,-31.35
53:25.9,-24.49
53:25.9,-14.41
53:25.9,-1.99
53:26.0,9.69
53:26.0,10.53
53:26.0,6.93
53:26.0,2.57
53:26.0,0.44
53:26.1,-0.14
53:26.1,-0.1
53:26.1,0.66
53:26.1,2.19
53:26.1,3.83
53:26.1,5.12
53:26.2,6.61
53:26.2,7.66
53:26.2,8.94
53:26.2,10.74
53:26.2,15.67
53:26.3,17.16
53:26.3,13.73
53:26.3,9.67
53:26.3,5.75
53:26.4,1.75
53:26.4,-21.69
53:26.4,124.05
53:26.4,87.39
53:26.4,-26.3
53:26.5,-46.36
53:26.5,-43.11
53:26.5,-37.37
53:26.5,-31.96
53:26.5,-25.28
53:26.6,-17
53:26.6,-4.86
53:26.6,8.53
53:26.6,12.16
53:26.6,8.53
53:26.7,4.1
53:26.7,1.19
53:26.7,0.24
53:26.7,0.16
53:26.8,0.64
53:26.8,1.2
53:26.8,2.51
53:26.8,4.48
53:26.8,7.17
53:26.8,8.95
53:26.9,10.73
53:26.9,13.26
53:26.9,19.53
53:26.9,23.27
53:27.0,17.08
53:27.0,11.31
53:27.0,6.44
53:27.0,4.21
53:27.0,-6.39
53:27.0,34.43
53:27.0,167.55
53:27.1,-5.74
53:27.1,-58.13
53:27.1,-51.13
53:27.1,-46.18
53:27.2,-39.78
53:27.2,-33.98
53:27.2,-27.13
53:27.2,-16.64
53:27.2,-2.72
53:27.2,7.11
53:27.3,8.28
53:27.3,4.76
53:27.3,1.8
53:27.3,0.19
53:27.4,-0.98
53:27.4,-1.32
53:27.4,-1.23
53:27.4,0.11
53:27.5,1.89
53:27.5,4.05
53:27.5,5.74
53:27.5,7.18
53:27.5,8.1
53:27.5,9.54
53:27.5,14.56
53:27.6,18.33
53:27.6,14.12
53:27.6,9.87
53:27.6,5.22
53:27.7,3.18
53:27.7,-8.71
53:27.7,42.14
53:27.7,142.41
53:27.7,-15.48
53:27.8,-49.94
53:27.8,-46.73
53:27.8,-41.56
53:27.8,-36.15
53:27.8,-30.43
53:27.9,-22.4
53:27.9,-10.78
53:27.9,2.39
53:27.9,12.05
53:27.9,10.78
53:27.9,7.03
53:27.9,4.34
53:28.0,2.95
53:28.0,2.61
53:28.0,2.44
53:28.0,2.34
53:28.1,2.47
53:28.1,3.07
53:28.1,4
53:28.1,4.87
53:28.1,5.61
53:28.2,6.17
53:28.2,6.81
53:28.2,9.33
53:28.2,13.74
53:28.3,11.69
53:28.3,7.52
53:28.3,4.17
53:28.3,2.34
53:28.3,-3.16
53:28.3,-25.28
53:28.4,184.26
53:28.4,46.36
53:28.4,-49.5
53:28.4,-50.87
53:28.5,-48.38
53:28.5,-43.46
53:28.5,-36.99
53:28.5,-29.58
53:28.6,-20.3
53:28.6,-7.56
53:28.6,3.88
53:28.6,7.17
53:28.6,3.64
53:28.7,0.6
53:28.7,-1.39
53:28.7,-1.63
53:28.7,-1.15
53:28.7,-0.61
53:28.7,0.47
53:28.8,2.4
53:28.8,5.06
53:28.8,6.86
53:28.8,7.62
53:28.8,8.03
53:28.9,8.53
53:28.9,9.58
53:28.9,13.47
53:28.9,15.24
53:28.9,11.17
53:28.9,6.31
53:29.0,3.29
53:29.0,1.41
53:29.0,-18.4
53:29.0,118.25
53:29.1,89.97
53:29.1,-19.03
53:29.1,-43.87
53:29.1,-40.88
53:29.2,-35.25
53:29.2,-30.45
53:29.2,-24.72
53:29.2,-16.59
53:29.2,-4.83
53:29.2,8.42
53:29.3,14.1
53:29.3,9.63
53:29.3,3.32
53:29.3,0.5
53:29.3,-1.07
53:29.3,-1.04
53:29.4,-1.03
53:29.4,-0.16
53:29.4,1.74
53:29.4,3.9
53:29.4,5.63
53:29.5,6.77
53:29.5,7.47
53:29.5,8.72
53:29.5,9.94
53:29.6,14.6
53:29.6,18.22
53:29.6,14.14
53:29.6,9.94
53:29.7,7.16
53:29.7,5.81
53:29.7,-5.64
53:29.7,51.82
53:29.7,126.27
53:29.7,-15.89
53:29.7,-48.82
53:29.8,-44.11
53:29.8,-39.56
53:29.8,-33.23
53:29.8,-27.25
53:29.9,-20.75
53:29.9,-11.14
53:29.9,2.75
53:29.9,11.57
53:29.9,11.22
53:29.9,8.01
53:30.0,5.51
53:30.0,4.11
53:30.0,3.37
53:30.0,3.26
53:30.0,3.67
53:30.1,4.39
53:30.1,5.65
53:30.1,6.52
53:30.1,7.16
53:30.1,7.85
53:30.2,8.12
53:30.2,8.31
53:30.2,9.92
53:30.2,14.32
53:30.3,14.19
53:30.3,10.26
53:30.3,5.66
53:30.3,2.1
53:30.3,-3.81
53:30.4,-24.82
53:30.4,187.65
53:30.4,42.6
53:30.4,-57.52
53:30.5,-59.79
53:30.5,-55.64
53:30.5,-48.51
53:30.5,-41.69
53:30.5,-35.25
53:30.5,-25.86
53:30.6,-11.61
53:30.6,0.84
53:30.6,5.54
53:30.6,2.61
53:30.7,-0.38
53:30.7,-2.36
53:30.7,-2.61
53:30.7,-2.14
53:30.7,-1.6
53:30.7,-0.29
53:30.7,1.93
53:30.8,3.93
53:30.8,5.68
53:30.8,6.82
53:30.8,7.5
53:30.8,7.64
53:30.9,7.94
53:30.9,9.99
53:30.9,13.76
53:30.9,12.66
53:30.9,9.05
53:31.0,5.33
53:31.0,1.67
53:31.0,-3.98
53:31.0,-25.11
53:31.1,184.04
53:31.1,52.1
53:31.1,-46.06
53:31.1,-52.41
53:31.1,-47.3
53:31.1,-41.33
53:31.2,-35.33
53:31.2,-28.26
53:31.2,-18.16
53:31.2,-5.26
53:31.3,6.71
53:31.3,10.79
53:31.3,7.81
53:31.3,4.31
53:31.3,2.84
53:31.4,1.79
53:31.4,1.21
53:31.4,0.88
53:31.4,2.09
53:31.4,3.64
53:31.4,5.22
53:31.5,6.4
53:31.5,6.88
53:31.5,7.43
53:31.5,7.8
53:31.6,8.06
53:31.6,10.58
53:31.6,13.49
53:31.6,10.31
53:31.6,5.27
53:31.6,1.32
53:31.7,-1.62
53:31.7,-9.99
53:31.7,-15.03
53:31.7,100.92
53:31.8,18.78
53:31.8,-44.12
53:31.8,-45.77
53:31.8,-41.8
53:31.8,-36.19
53:31.9,-28.96
53:31.9,-22.91
53:31.9,-12.77
53:31.9,-1.36
53:31.9,7.14
53:31.9,8.85
53:32.0,4.57
53:32.0,1.06
53:32.0,-0.76
53:32.0,-0.85
53:32.1,-0.61
53:32.1,0.24
53:32.1,1.64
53:32.1,3.12
53:32.1,5.17
53:32.1,6.79
53:32.2,7.85
53:32.2,8.81
53:32.2,9.44
53:32.2,10.88
53:32.3,15.21
53:32.3,18.48
53:32.3,14.43
53:32.3,9.7
53:32.3,6.47
53:32.3,4.93
53:32.4,-5.92
53:32.4,59.32
53:32.4,121.29
53:32.4,-10.39
53:32.4,-42.7
53:32.5,-39.72
53:32.5,-34.09
53:32.5,-27.27
53:32.5,-22.21
53:32.6,-15.95
53:32.6,-5.86
53:32.6,6.79
53:32.6,14.75
53:32.6,13.71
53:32.6,8.91
53:32.7,4.71
53:32.7,2.49
53:32.7,1.88
53:32.7,1.92
53:32.7,1.94
53:32.8,2.54
53:32.8,3.66
53:32.8,5.43
53:32.8,6.48
53:32.8,7.49
53:32.9,7.91
53:32.9,8.17
53:32.9,8.99
53:32.9,12.39
53:32.9,13.34
53:33.0,9.78
53:33.0,5.46
53:33.0,2.53
53:33.0,0.59
53:33.1,-19.57
53:33.1,123.41
53:33.1,93.02
53:33.1,-22.85
53:33.1,-53.52
53:33.2,-49.11
53:33.2,-44.06
53:33.2,-37.35
53:33.2,-30.65
53:33.2,-22.62
53:33.3,-10.2
53:33.3,4.76
53:33.3,11.74
53:33.3,9.57
53:33.3,5.33
53:33.3,2.85
53:33.4,2.08
53:33.4,1.72
53:33.4,1.8
53:33.4,2.27
53:33.4,3.47
53:33.5,4.83
53:33.5,5.99
53:33.5,7.12
53:33.5,7.94
53:33.5,8.49
53:33.6,8.86
53:33.6,10.86
53:33.6,14.74
53:33.6,12.82
53:33.7,8.02
53:33.7,3.86
53:33.7,1.59
53:33.7,-3.98
53:33.7,-27.58
53:33.7,182.38
53:33.8,53.91
53:33.8,-46.71
53:33.8,-52.48
53:33.8,-47.4
53:33.8,-40.89
53:33.8,-34.46
53:33.9,-28.25
53:33.9,-18.44
53:33.9,-3.1
53:33.9,11.27
53:34.0,14.48
53:34.0,9.24
53:34.0,4.06
53:34.0,1.5
53:34.0,0.85
53:34.1,0.57
53:34.1,0.68
53:34.1,1.18
53:34.1,1.78
53:34.1,2.67
53:34.2,3.91
53:34.2,5.25
53:34.2,6.31
53:34.2,7.07
53:34.2,8.1
53:34.3,12.36
53:34.3,14.26
53:34.3,10.41
53:34.3,5.49
53:34.3,2.37
53:34.4,0
53:34.4,-18.2
53:34.4,84.04
53:34.4,98.66
53:34.4,1.05
53:34.5,-40.98
53:34.5,-38.49
53:34.5,-34.07
53:34.5,-27.66
53:34.5,-22
53:34.6,-15.2
53:34.6,-4.17
53:34.6,7.76
53:34.6,13.72
53:34.6,11.11
53:34.7,6.12
53:34.7,2.17
53:34.7,1.15
53:34.7,1.46
53:34.7,1.61
53:34.8,2.39
53:34.8,3.71
53:34.8,5.13
53:34.8,6.26
53:34.8,7.04
53:34.9,7.57
53:34.9,8.16
53:34.9,9.75
53:34.9,14.31
53:34.9,13.75
53:35.0,9.62
53:35.0,5.53
53:35.0,3.02
53:35.0,-1.13
53:35.0,-22.36
53:35.1,162.33
53:35.1,63.17
53:35.1,-48.7
53:35.1,-48.98
53:35.2,-45.09
53:35.2,-39.91
53:35.2,-33.01
53:35.2,-24.86
53:35.2,-15.15
53:35.2,-2.31
53:35.3,10.32
53:35.3,14.05
53:35.3,10.47
53:35.3,6.08
53:35.3,3.19
53:35.3,2.24
53:35.4,1.81
53:35.4,1.87
53:35.4,2.56
53:35.4,3.79
53:35.5,5.13
53:35.5,6.51
53:35.5,7.24
53:35.5,7.99
53:35.5,9.53
53:35.5,14.6
53:35.6,17
53:35.6,12.13
53:35.6,6.88
53:35.6,3.44
53:35.7,1.41
53:35.7,-13.87
53:35.7,83.46
53:35.7,114.97
53:35.7,-15.01
53:35.8,-52.3
53:35.8,-47.94
53:35.8,-41.84
53:35.8,-34.93
53:35.9,-27.8
53:35.9,-21.21
53:35.9,-10.12
53:35.9,6.8
53:35.9,16.02
53:35.9,12.92
53:35.9,7.18
53:36.0,3.49
53:36.0,1.86
53:36.0,1.14
53:36.1,1.09
53:36.1,1.07
53:36.1,2.04
53:36.1,3.16
53:36.1,4.39
53:36.1,5.65
53:36.1,6.6
53:36.2,7.26
53:36.2,8.22
53:36.2,12.57
53:36.2,13.97
53:36.3,10.79
53:36.3,6.85
53:36.3,4.26
53:36.3,2.5
53:36.4,-15.83
53:36.4,116.81
53:36.4,101.12
53:36.4,-3.99
53:36.4,-47.15
53:36.4,-44.51
53:36.4,-40.04
53:36.5,-34.6
53:36.5,-27.68
53:36.5,-19.67
53:36.5,-8.38
53:36.6,4.46
53:36.6,12.04
53:36.6,9.09
53:36.6,4.83
53:36.6,1.13
53:36.6,-0.3
53:36.7,-0.56
53:36.7,-0.69
53:36.7,-0.07
53:36.8,1.08
53:36.8,2.58
53:36.8,3.57
53:36.8,4.52
53:36.8,6.02
53:36.8,6.9
53:36.9,8.32
53:36.9,13.84
53:36.9,15.75
53:36.9,11.91
53:36.9,7.57
53:37.0,4.05
53:37.0,2.23
53:37.0,-15.68
53:37.0,97.86
53:37.0,126.61
53:37.0,0.26
53:37.1,-47.45
53:37.1,-43.66
53:37.1,-38.34
53:37.1,-32.96
53:37.1,-26.81
53:37.2,-17.9
53:37.2,-6.8
53:37.2,5.66
53:37.2,11.1
53:37.3,8.32
53:37.3,2.76
53:37.3,-2.14
53:37.3,-3.56
53:37.4,-3.73
53:37.4,-2.94
53:37.4,-1.34
53:37.4,1.46
53:37.4,3.87
53:37.4,5.81
53:37.4,7.7
53:37.5,8.87
53:37.5,9.23
53:37.5,9.96
53:37.5,12.99
53:37.6,17.28
53:37.6,14.08
53:37.6,8.86
53:37.6,5.03
53:37.6,2.22
53:37.7,-4.71
53:37.7,-21.25
53:37.7,156.52
53:37.7,38.4
53:37.7,-44.5
53:37.8,-44.95
53:37.8,-41.57
53:37.8,-36.34
53:37.8,-29.76
53:37.9,-22.93
53:37.9,-13.08
53:37.9,0.28
53:37.9,11.98
53:37.9,11.99
53:38.0,7.28
53:38.0,1.58
53:38.0,-2.27
53:38.0,-3.56
53:38.0,-4.47
53:38.0,-4.01
53:38.0,-2.4
53:38.1,0.42
53:38.1,3.57
53:38.1,5.78
53:38.1,7.02
53:38.1,8.02
53:38.2,8.63
53:38.2,10.86
53:38.2,16.18
53:38.2,17.48
53:38.2,13.95
53:38.3,10.61
53:38.3,8.2
53:38.3,5.31
53:38.3,-11.57
53:38.3,92.4
53:38.4,106.71
53:38.4,2.42
53:38.4,-42.93
53:38.5,-39.61
53:38.5,-34.95
53:38.5,-30.97
53:38.5,-25.3
53:38.5,-17.5
53:38.5,-6.51
53:38.5,7.54
53:38.6,15.89
53:38.6,12.95
53:38.6,7.78
53:38.7,3.91
53:38.7,2.08
53:38.7,1.65
53:38.7,1.45
53:38.7,1.83
53:38.7,2.53
53:38.7,3.99
53:38.8,5.34
53:38.8,6.4
53:38.8,7.13
53:38.8,7.36
53:38.9,7.5
53:38.9,8.17
53:38.9,11.21
53:38.9,13.17
53:38.9,9.63
53:39.0,5.66
53:39.0,3.13
53:39.0,1.02
53:39.0,-14.35
53:39.0,76.63
53:39.1,118.69
53:39.1,-17.39
53:39.1,-52.56
53:39.1,-47.2
53:39.2,-41.34
53:39.2,-35.78
53:39.2,-29.63
53:39.2,-24.51
53:39.2,-14.54
53:39.2,0.21
53:39.2,10.19
53:39.3,8.82
53:39.3,5.87
53:39.3,2.13
53:39.3,-0.14
53:39.3,-0.89
53:39.4,-0.92
53:39.4,-0.7
53:39.4,0.51
53:39.4,2.38
53:39.4,4.09
53:39.5,5.35
53:39.5,6.48
53:39.5,6.93
53:39.5,7.2
53:39.6,7.82
53:39.6,11.15
53:39.6,12.88
53:39.6,10.85
53:39.6,7.36
53:39.6,4.32
53:39.7,2.51
53:39.7,-10.02
53:39.7,52.56
53:39.7,130.65
53:39.7,-16.1
53:39.8,-47.95
53:39.8,-44.77
53:39.8,-40.66
53:39.9,-35.01
53:39.9,-29.37
53:39.9,-20.89
53:39.9,-8.82
53:39.9,5.16
53:39.9,14.45
53:39.9,11.71
53:40.0,6.67
53:40.0,2.39
53:40.0,0.76
53:40.0,0.47
53:40.1,0.62
53:40.1,1.19
53:40.1,2.28
53:40.1,3.47
53:40.1,4.7
53:40.2,6.19
53:40.2,7.04
53:40.2,7.59
53:40.2,7.69
53:40.2,7.96
53:40.2,10.24
53:40.3,14.29
53:40.3,12.11
53:40.3,7.43
53:40.3,3.55
53:40.4,1.92
53:40.4,-3.8
53:40.4,-27.36
53:40.4,174.89
53:40.4,49.96
53:40.5,-46.8
53:40.5,-52.47
53:40.5,-48.61
53:40.5,-42.36
53:40.5,-35.3
53:40.6,-28.51
53:40.6,-20.5
53:40.6,-7.56
53:40.6,3.88
53:40.6,7.81
53:40.6,4.35
53:40.7,0.04
53:40.7,-2.81
53:40.7,-4.18
53:40.7,-4.12
53:40.8,-3.55
53:40.8,-2.43
53:40.8,-0.21
53:40.8,2.8
53:40.8,5.58
53:40.8,7.74
53:40.9,8.6
53:40.9,8.73
53:40.9,9.04
53:41.0,12.1
53:41.0,15.85
53:41.0,14.66
53:41.0,11.28
53:41.0,7.91
53:41.0,5.39
53:41.1,-2.86
53:41.1,-4.59
53:41.1,86.41
53:41.1,16.36
53:41.1,-46.1
53:41.2,-43.38
53:41.2,-38.9
53:41.2,-32.01
53:41.2,-25.5
53:41.2,-17.61
53:41.2,-8.12
53:41.3,4.62
53:41.3,14.65
53:41.3,14.25
53:41.3,9.76
53:41.4,3.9
53:41.4,0.89
53:41.4,0.04
53:41.4,-0.32
53:41.5,-0.23
53:41.5,0.71
53:41.5,2.94
53:41.5,4.86
53:41.5,6.26
53:41.6,6.82
53:41.6,6.87
53:41.6,6.9
53:41.6,7.64
53:41.6,10.36
53:41.6,13.15
53:41.7,11.21
53:41.7,7.88
53:41.7,5.46
53:41.7,3.31
53:41.7,-5.52
53:41.7,27.13
53:41.8,149.89
53:41.8,0.44
53:41.8,-55.48
53:41.8,-52.46
53:41.9,-46.82
53:41.9,-40.62
53:41.9,-34.42
53:41.9,-27.77
53:41.9,-18.07
53:42.0,-3.57
53:42.0,8.24
53:42.0,9.38
53:42.0,5.75
53:42.1,0.54
53:42.1,-2.18
53:42.1,-2.53
53:42.1,-2.04
53:42.1,-1.49
53:42.1,-0.64
53:42.2,1.26
53:42.2,3.31
53:42.2,5.23
53:42.2,6.88
53:42.3,7.94
53:42.3,8.57
53:42.3,9.23
53:42.3,12.44
53:42.3,14.47
53:42.3,10.32
53:42.3,5.81
53:42.4,3.08
53:42.4,1.76
53:42.4,-7.1
53:42.4,23.45
53:42.5,145.26
53:42.5,-10.02
53:42.5,-53.37
53:42.5,-49.7
53:42.5,-42.75
53:42.5,-36.8
53:42.6,-31.02
53:42.6,-24.69
53:42.6,-13.04
53:42.6,3.36
53:42.6,14.91
53:42.7,14.32
53:42.7,10.04
53:42.7,4.99
53:42.7,2.05
53:42.8,1.15
53:42.8,1.1
53:42.8,1.85
53:42.8,3.15
53:42.8,5.04
53:42.8,6.61
53:42.9,7.38
53:42.9,8.13
53:42.9,8.89
53:43.0,8.92
53:43.0,8.93
53:43.0,10.48
53:43.0,13.56
53:43.0,12.29
53:43.0,8.94
53:43.0,4.98
53:43.1,1.45
53:43.1,-4.51
53:43.1,-28.71
53:43.1,182.06
53:43.1,55.79
53:43.2,-49.27
53:43.2,-54.54
53:43.2,-48.9
53:43.2,-41.45
53:43.2,-33.33
53:43.3,-26.78
53:43.3,-17.51
53:43.3,-5.87
53:43.3,4.89
53:43.4,8.12
53:43.4,4.64
53:43.4,-0.66
53:43.4,-3.31
53:43.4,-4.04
53:43.4,-3.69
53:43.5,-2.69
53:43.5,-1.15
53:43.5,0.68
53:43.5,2.73
53:43.6,4.56
53:43.6,5.75
53:43.6,7.1
53:43.6,7.69
53:43.6,8.32
53:43.6,11.23
53:43.7,15.02
53:43.7,12.48
53:43.7,8.66
53:43.7,4.85
53:43.8,2.66
53:43.8,-4.82
53:43.8,-16.15
53:43.8,137.09
53:43.8,25.97
53:43.9,-47.87
53:43.9,-45.31
53:43.9,-40.87
53:43.9,-35.49
53:43.9,-29.15
53:43.9,-21.07
53:44.0,-11.29
53:44.0,2.26
53:44.0,14.01
53:44.0,13.36
53:44.1,9.05
53:44.1,3.52
53:44.1,0.74
53:44.1,0.86
53:44.1,0.59
53:44.2,0.44
53:44.2,0.77
53:44.2,1.99
53:44.2,3.44
53:44.2,4.99
53:44.3,6.2
53:44.3,7.03
53:44.3,7.58
53:44.3,8.67
53:44.3,12.45
53:44.4,12.66
53:44.4,9.55
53:44.4,5.96
53:44.4,3.43
53:44.4,0.43
53:44.5,-20.39
53:44.5,144.09
53:44.5,83.53
53:44.5,-40.31
53:44.6,-52.11
53:44.6,-47.29
53:44.6,-42.83
53:44.6,-37.96
53:44.6,-32.53
53:44.6,-24.62
53:44.6,-11.26
53:44.7,2.67
53:44.7,9.61
53:44.7,6.95
53:44.7,2.85
53:44.8,0.6
53:44.8,-0.05
53:44.8,-0.04
53:44.8,0.46
53:44.8,1.49
53:44.9,3.11
53:44.9,5.11
53:44.9,6.39
53:44.9,7.52
53:44.9,8.86
53:44.9,9.51
53:45.0,10.71
53:45.0,14.71
53:45.0,18.07
53:45.0,13.36
53:45.1,7.05
53:45.1,3.35
53:45.1,1.77
53:45.1,-6.26
53:45.1,15.07
53:45.1,146.78
53:45.2,-8.81
53:45.2,-55.19
53:45.2,-48.24
53:45.2,-41.42
53:45.3,-34.43
53:45.3,-28.61
53:45.3,-23.49
53:45.3,-14.04
53:45.3,-0.38
53:45.3,11.12
53:45.4,11.04
53:45.4,6.68
53:45.4,2.29
53:45.4,-0.21
53:45.4,-0.12
53:45.5,0.22
53:45.5,0.91
53:45.5,1.9
53:45.5,3.45
53:45.6,5.35
53:45.6,6.54
53:45.6,7.29
53:45.6,8.04
53:45.6,8.29
53:45.7,8.23
53:45.7,10.79
53:45.7,13
53:45.7,9.89
53:45.7,5.97
53:45.7,2.46
53:45.8,0.93
53:45.8,-9.49
53:45.8,27.12
53:45.8,135.48
53:45.9,-11.39
53:45.9,-52.37
53:45.9,-48.72
53:45.9,-43.97
53:45.9,-37.92
53:45.9,-30.07
53:46.0,-20.39
53:46.0,-8.04
53:46.0,4.3
53:46.0,12.59
53:46.1,11.04
53:46.1,6.73
53:46.1,3.62
53:46.1,2.04
53:46.1,1.28
53:46.1,1.5
53:46.2,1.63
53:46.2,1.7
53:46.2,2.29
53:46.2,3.19
53:46.3,4.24
53:46.3,4.67
53:46.3,5.42
53:46.3,6.24
53:46.3,7.13
53:46.4,10.8
53:46.4,12.4
53:46.4,8.75
53:46.4,5.1
53:46.4,2.86
53:46.4,1.72
53:46.5,-12.42
53:46.5,67.44
53:46.5,107.37
53:46.5,-11.65
53:46.5,-44.43
53:46.6,-40.04
53:46.6,-34.47
53:46.6,-28.96
53:46.6,-23.79
53:46.6,-16.27
53:46.7,-3.85
53:46.7,9.55
53:46.7,17.16
53:46.8,14.13
53:46.8,8.41
53:46.8,3.61
53:46.8,1.81
53:46.8,1.48
53:46.8,1.03
53:46.8,0.77
53:46.9,1.93
53:46.9,3.46
53:46.9,5.35
53:46.9,6.53
53:47.0,7.29
53:47.0,7.76
53:47.0,8.55
53:47.0,12.57
53:47.0,14.71
53:47.1,11.04
53:47.1,7.61
53:47.1,4.3
53:47.1,2.44
53:47.1,-8.83
53:47.1,51.82
53:47.2,113.72
53:47.2,-14.79
53:47.2,-43.88
53:47.2,-39.21
53:47.3,-32.96
53:47.3,-25.94
53:47.3,-19.87
53:47.3,-12.96
53:47.3,-2.51
53:47.3,10.72
53:47.4,18.16
53:47.4,16.31
53:47.4,12.27
53:47.4,8.04
53:47.4,5.68
53:47.5,4.57
53:47.5,4.38
53:47.5,5.34
53:47.5,6.32
53:47.6,7.57
53:47.6,8.25
53:47.6,8.7
53:47.6,8.77
53:47.6,9.01
53:47.6,9.72
53:47.7,12.98
53:47.7,13.67
53:47.7,10.55
53:47.7,6.95
53:47.7,4.42
53:47.8,1.43
53:47.8,-20.22
53:47.8,147.81
53:47.8,78.93
53:47.8,-44.27
53:47.9,-53.32
53:47.9,-48.58
53:47.9,-42.99
53:47.9,-37.79
53:47.9,-31.77
53:48.0,-24
53:48.0,-11.55
53:48.0,3.62
53:48.0,11.4
53:48.1,8.79
53:48.1,4.28
53:48.1,1.28
53:48.1,0.28
53:48.1,-0.16
53:48.2,0.17
53:48.2,0.85
53:48.2,2.06
53:48.2,3.62
53:48.2,5.21
53:48.2,6.08
53:48.3,6.63
53:48.3,7.74
53:48.3,9.15
53:48.3,14.03
53:48.4,14.02
53:48.4,10.05
53:48.4,5.49
53:48.4,2.01
53:48.4,-1.58
53:48.5,-26.79
53:48.5,157.79
53:48.5,73.39
53:48.5,-43.55
53:48.5,-53.23
53:48.6,-48.5
53:48.6,-41.87
53:48.6,-34.87
53:48.6,-26.63
53:48.6,-17.57
53:48.7,-4.08
53:48.7,9.85
53:48.7,14.66
53:48.7,9.48
53:48.7,3.59
53:48.8,0.66
53:48.8,0.81
53:48.8,1.51
53:48.8,1.64
53:48.8,2.63
53:48.8,3.95
53:48.9,5.33
53:48.9,6.99
53:48.9,8.25
53:48.9,8.78
53:48.9,10.16
53:49.0,13.56
53:49.0,17.96
53:49.0,15.27
53:49.0,10.54
53:49.0,6.52
53:49.1,3.94
53:49.1,-1.07
53:49.1,-25.01
53:49.1,176.04
53:49.2,57.68
53:49.2,-44.05
53:49.2,-49.51
53:49.2,-45.05
53:49.2,-38.91
53:49.2,-31.55
53:49.3,-24.54
53:49.3,-15.32
53:49.3,-1.41
53:49.3,10.84
53:49.3,11.6
53:49.4,6.71
53:49.4,0.65
53:49.4,-2.29
53:49.4,-3.06
53:49.5,-2.69
53:49.5,-2.23
53:49.5,-1.44
53:49.5,-0.11
53:49.5,1.29
53:49.5,3.25
53:49.6,4.81
53:49.6,5.52
53:49.6,7.08
53:49.6,10.42
53:49.6,14.94
53:49.7,11.77
53:49.7,6.63
53:49.7,2.43
53:49.7,0.8
53:49.8,-4.97
53:49.8,-19.73
53:49.8,140.54
53:49.8,30.59
53:49.8,-47.46
53:49.8,-47.94
53:49.9,-43.11
53:49.9,-36.17
53:49.9,-29.02
53:49.9,-21.77
53:49.9,-10.66
53:50.0,3.52
53:50.0,15.93
53:50.0,14.01
53:50.0,8.03
53:50.0,2.37
53:50.1,0.1
53:50.1,-2.08
53:50.1,-2.44
53:50.1,-1.71
53:50.1,-0.97
53:50.1,0.3
53:50.2,2.44
53:50.2,4.93
53:50.2,6.42
53:50.2,7.64
53:50.2,9.02
53:50.3,13.38
53:50.3,17.93
53:50.3,13.74
53:50.4,8.22
53:50.4,4.57
53:50.4,3.37
53:50.4,-3.04
53:50.4,-2.01
53:50.4,86.2
53:50.4,14.77
53:50.5,-48.18
53:50.5,-48.02
53:50.5,-43.76
53:50.5,-37.25
53:50.6,-31.83
53:50.6,-24.67
53:50.6,-13.26
53:50.6,2.62
53:50.7,15.98
53:50.7,13.98
53:50.7,7.95
53:50.7,3.33
53:50.7,1.19
53:50.7,0.69
53:50.8,1.11
53:50.8,1.34
53:50.8,1.94
53:50.8,3.27
53:50.9,4.51
53:50.9,6.03
53:50.9,6.93
53:50.9,7.23
53:50.9,7.41
53:50.9,8.14
53:50.9,11.58
53:51.0,14.24
53:51.0,11.07
53:51.0,6.92
53:51.0,4.24
53:51.0,1.62
53:51.1,-9.15
53:51.1,41.7
53:51.1,140.6
53:51.1,-17.3
53:51.2,-51.93
53:51.2,-46.28
53:51.2,-39.74
53:51.2,-34.91
53:51.2,-28.85
53:51.3,-22.08
53:51.3,-10.56
53:51.3,5.53
53:51.3,16.91
53:51.3,14.38
53:51.3,8.52
53:51.4,3.11
53:51.4,1
53:51.4,1
53:51.4,0.7
53:51.5,0.78
53:51.5,1.22
53:51.5,1.77
53:51.5,2.63
53:51.5,3.38
53:51.5,4.44
53:51.6,5.34
53:51.6,6.01
53:51.6,6.5
53:51.6,7.29
53:51.7,10.26
53:51.7,13.29
53:51.7,9.63
53:51.7,5.47
53:51.8,2.5
53:51.8,1.43
53:51.8,-7.12
53:51.8,18.63
53:51.8,138.57
53:51.8,-8.47
53:51.9,-50.32
53:51.9,-45.87
53:51.9,-40.89
53:51.9,-35.8
53:51.9,-29.83
53:51.9,-22.05
53:52.0,-10.71
53:52.0,5.48
53:52.0,16.22
53:52.0,14.8
53:52.1,9.63
53:52.1,4.44
53:52.1,2.21
53:52.1,2.12
53:52.1,2.08
53:52.1,2.53
53:52.2,3.07
53:52.2,4.55
53:52.2,5.99
53:52.2,7.74
53:52.3,9.09
53:52.3,9.69
53:52.3,9.5
53:52.3,9.16
53:52.3,8.72
53:52.3,8.98
53:52.4,11.19
53:52.4,13.44
53:52.4,10.91
53:52.5,7.6
53:52.5,4.46
53:52.5,2.59
53:52.5,-5.58
53:52.5,6.71
53:52.5,123.92
53:52.6,0.95
53:52.6,-49.21
53:52.6,-48.17
53:52.6,-43.68
53:52.6,-38.51
53:52.6,-31.75
53:52.7,-23.78
53:52.7,-12.46
53:52.7,1.06
53:52.7,10.99
53:52.8,9.75
53:52.8,4.72
53:52.8,-0.45
53:52.8,-3.22
53:52.8,-4
53:52.9,-3.66
53:52.9,-2.94
53:52.9,-1.93
53:52.9,-0.1
53:52.9,1.47
53:52.9,3.23
53:53.0,4.47
53:53.0,6.2
53:53.0,7.12
53:53.0,7.38
53:53.0,7.53
53:53.1,9.88
53:53.1,14.51
53:53.1,13.85
53:53.1,10.24
53:53.2,7.27
53:53.2,4.26
53:53.2,-1.27
53:53.2,-22.8
53:53.2,167.18
53:53.3,67.08
53:53.3,-40.21
53:53.3,-44.62
53:53.3,-40.8
53:53.4,-36.5
53:53.4,-31.47
53:53.4,-25.29
53:53.4,-16.18
53:53.4,-1.92
53:53.4,10.73
53:53.4,12.88
53:53.5,8.27
53:53.5,2.37
53:53.5,-3
53:53.5,-3.51
53:53.5,-3.69
53:53.6,-2.95
53:53.6,-1.15
53:53.6,1.63
53:53.6,5.08
53:53.6,7.55
53:53.7,8.53
53:53.7,9.35
53:53.7,9.54
53:53.7,9.89
53:53.8,9.91
53:53.8,11.71
53:53.8,15.47
53:53.8,13.73
53:53.8,8.77
53:53.8,4.26
53:53.9,2.23
53:53.9,-4.75
53:53.9,-7.5
53:54.0,105.6
53:54.0,14.73
53:54.0,-54.12
53:54.0,-50.47
53:54.0,-45.21
53:54.0,-40.94
53:54.0,-35.62
53:54.1,-29.25
53:54.1,-19.53
53:54.1,-2.98
53:54.1,10.86
53:54.1,14.33
53:54.2,9.11
53:54.2,4.49
53:54.2,2.28
53:54.2,3
53:54.3,2.67
53:54.3,2.49
53:54.3,2.38
53:54.3,3.25
53:54.3,4.27
53:54.4,5.17
53:54.4,6.12
53:54.4,6.86
53:54.4,7.14
53:54.4,7.33
53:54.5,7.84
53:54.5,9.42
53:54.5,13.48
53:54.5,14.09
53:54.5,10.59
53:54.5,5.96
53:54.6,2.74
53:54.6,-1.55
53:54.6,-26.39
53:54.6,173.29
53:54.7,68.08
53:54.7,-47.89
53:54.7,-54.47
53:54.7,-50.51
53:54.7,-44.22
53:54.7,-37.21
53:54.8,-30.47
53:54.8,-22.5
53:54.8,-10.16
53:54.8,4.11
53:54.9,11.45
53:54.9,7.68
53:54.9,1.46
53:54.9,-1.41
53:54.9,-1.23
53:54.9,-0.84
53:55.0,-0.09
53:55.0,0.69
53:55.0,1.26
53:55.0,2.61
53:55.0,4.06
53:55.1,5.22
53:55.1,6.31
53:55.1,7.08
53:55.1,7.32
53:55.2,7.93
53:55.2,9.94
53:55.2,14.72
53:55.2,14.84
53:55.2,11.48
53:55.2,7.76
53:55.3,5.27
53:55.3,2.32
53:55.3,-21.3
53:55.3,153.11
53:55.4,84.76
53:55.4,-32
53:55.4,-47.75
53:55.4,-42.93
53:55.4,-37.52
53:55.4,-31
53:55.5,-24.53
53:55.5,-16.64
53:55.5,-5.42
53:55.5,7.41
53:55.6,13.71
53:55.6,9.93
53:55.6,3.67
53:55.6,-0.37
53:55.7,-1.64
53:55.7,-1.4
53:55.7,-1
53:55.7,-0.5
53:55.7,0.52
53:55.7,1.89
53:55.8,3.31
53:55.8,4.4
53:55.8,5.44
53:55.8,6.44
53:55.8,6.87
53:55.8,7.63
53:55.9,11.34
53:55.9,14.25
53:55.9,11.34
53:55.9,6.7
53:56.0,3.58
53:56.0,2.01
53:56.0,-8.8
53:56.0,15.37
53:56.0,114.18
53:56.0,-4.81
53:56.1,-43.02
53:56.1,-39.7
53:56.1,-36.64
53:56.1,-32.23
53:56.1,-26.92
53:56.2,-20.44
53:56.2,-10.05
53:56.2,4.05
53:56.2,14.05
53:56.3,12.77
53:56.3,7.71
53:56.3,2.53
53:56.3,-0.23
53:56.3,-1.01
53:56.3,-1
53:56.4,-0.5
53:56.4,0.79
53:56.4,2.44
53:56.4,4.11
53:56.4,6.31
53:56.5,8.65
53:56.5,9.89
53:56.5,10.58
53:56.5,12.13
53:56.6,16.67
53:56.6,17.68
53:56.6,14.32
53:56.6,10.13
53:56.7,6.91
53:56.7,4.33
53:56.7,-14.24
53:56.7,108.75
53:56.7,94.13
53:56.7,-4.67
53:56.7,-42.43
53:56.8,-41.25
53:56.8,-36.28
53:56.8,-31.68
53:56.8,-25.97
53:56.9,-18.79
53:56.9,-6.76
53:56.9,7.1
53:56.9,13.73
53:56.9,9.89
53:56.9,4.08
53:57.0,-0.1
53:57.0,-1.98
53:57.0,-1.99
53:57.0,-1.42
53:57.1,-0.54
53:57.1,1.9
53:57.1,4.26
53:57.1,6.35
53:57.1,7.31
53:57.1,7.53
53:57.2,7.65
53:57.2,8.35
53:57.2,11.76
53:57.2,15.43
53:57.2,11.46
53:57.3,6.76
53:57.3,3.52
53:57.3,1.95
53:57.3,-5.92
53:57.4,23.61
53:57.4,146.73
53:57.4,-10.02
53:57.4,-49.62
53:57.4,-45.78
53:57.5,-41.52
53:57.5,-36.82
53:57.5,-31.51
53:57.5,-24.68
53:57.6,-13.45
53:57.6,2.45
53:57.6,14.54
53:57.6,14.84
53:57.6,10.84
53:57.6,6
53:57.7,3.11
53:57.7,1.76
53:57.7,1.12
53:57.7,1.98
53:57.7,3.66
53:57.8,4.99
53:57.8,6.53
53:57.8,7.31
53:57.8,7.79
53:57.8,8.09
53:57.9,8.07
53:57.9,9.32
53:57.9,12.51
53:57.9,11.26
53:57.9,7.6
53:58.0,4.09
53:58.0,1.89
53:58.0,-2.41
53:58.0,-25.26
53:58.0,179.28
53:58.0,54.87
53:58.0,-52.02
53:58.1,-55.68
53:58.1,-50.8
53:58.1,-44.24
53:58.1,-36.57
53:58.2,-30.02
53:58.2,-20.11
53:58.2,-6.1
53:58.2,7.99
53:58.2,12.04
53:58.3,7.35
53:58.3,2.2
53:58.3,-0.41
53:58.3,-1.1
53:58.3,-1.07
53:58.4,-0.29
53:58.4,1.02
53:58.4,2.94
53:58.4,4.55
53:58.5,5.99
53:58.5,6.63
53:58.5,7.29
53:58.5,7.72
53:58.5,8.71
53:58.6,12.49
53:58.6,16.15
53:58.6,13.08
53:58.6,10.08
53:58.6,7.11
53:58.6,5.39
53:58.7,-2.54
53:58.7,7.97
53:58.7,127.05
53:58.7,10.32
53:58.7,-44.64
53:58.8,-44.09
53:58.8,-39.25
53:58.8,-33.24
53:58.8,-27.9
53:58.9,-22.3
53:58.9,-12.31
53:58.9,0.53
53:58.9,11.3
53:58.9,9.84
53:58.9,4.22
53:59.0,-1.39
53:59.0,-4.28
53:59.0,-5.94
53:59.0,-5.96
53:59.1,-4.87
53:59.1,-2.96
53:59.1,-1.05
53:59.1,0.99
53:59.1,2.75
53:59.1,3.87
53:59.2,4.54
53:59.2,5.49
53:59.2,8.61
53:59.2,13.9
53:59.3,11.58
53:59.3,7.62
53:59.3,4.21
53:59.3,2.35
53:59.3,-3.17
53:59.3,-19.55
53:59.4,152.09
53:59.4,39.32
53:59.4,-45.09
53:59.4,-45.91
53:59.4,-40.99
53:59.5,-35.03
53:59.5,-28.23
53:59.5,-21.55
53:59.5,-10.83
53:59.5,2.67
53:59.6,15.49
53:59.6,15.83
53:59.6,10.57
53:59.6,4.49
53:59.6,0.58
53:59.7,-1.6
53:59.7,-1.77
53:59.7,-0.94
53:59.7,0.15
53:59.7,2.61
53:59.8,5.15
53:59.8,6.97
53:59.8,8.41
53:59.8,8.94
53:59.9,9.23
53:59.9,12.01
53:59.9,17.1
53:59.9,15.68
53:59.9,12.04
54:00.0,6.93
54:00.0,3.58
54:00.0,-4.33
54:00.0,-7.47
54:00.0,110.28
54:00.1,18.5
54:00.1,-50.2
54:00.1,-47.36
54:00.1,-42.86
54:00.1,-37.95
54:00.1,-32.51
54:00.2,-25.11
54:00.2,-15.05
54:00.2,-0.39
54:00.2,11.35
54:00.3,13.07
54:00.3,8.98
54:00.3,4.37
54:00.3,2.27
54:00.3,2.16
54:00.4,3.29
54:00.4,3.79
54:00.4,4.6
54:00.4,5.46
54:00.4,6.1
54:00.4,6.79
54:00.5,7.31
54:00.5,7.92
54:00.5,8.6
54:00.5,9.59
54:00.6,13.6
54:00.6,16.5
54:00.6,13.46
54:00.6,9.53
54:00.6,5.72
54:00.6,3.13
54:00.7,-16.06
54:00.7,102.3
54:00.7,112.21
54:00.7,4.95
54:00.8,-50.16
54:00.8,-48.29
54:00.8,-43.01
54:00.8,-36.38
54:00.9,-29.7
54:00.9,-22.2
54:00.9,-10.23
54:00.9,3.95
54:00.9,12.73
54:00.9,8.03
54:00.9,0.75
54:01.0,-2.99
54:01.0,-3
54:01.0,-2.67
54:01.0,-1.97
54:01.1,-1.23
54:01.1,-0.19
54:01.1,0.63
54:01.1,1.49
54:01.1,2.38
54:01.1,3.56
54:01.2,5.04
54:01.2,5.91
54:01.2,8.15
54:01.2,14.44
54:01.3,15.7
54:01.3,11.62
54:01.3,7.38
54:01.3,4.42
54:01.3,1.65
54:01.4,-21.44
54:01.4,127.36
54:01.4,96.01
54:01.4,-18.82
54:01.4,-47.65
54:01.5,-42.38
54:01.5,-39.32
54:01.5,-36.37
54:01.5,-31.02
54:01.5,-24.62
54:01.6,-12.61
54:01.6,1.09
54:01.6,7.03
54:01.6,3.67
54:01.6,-2.31
54:01.7,-6.8
54:01.7,-7.88
54:01.7,-8.3
54:01.7,-7.04
54:01.7,-5.55
54:01.7,-4.15
54:01.8,-2.86
54:01.8,-1.38
54:01.8,-0.02
54:01.8,1.54
54:01.9,2.63
54:01.9,3.64
54:01.9,5.46
54:01.9,12
54:01.9,15.45
54:02.0,10.23
54:02.0,5.67
54:02.0,3.39
54:02.0,1.98
54:02.0,-12.7
54:02.0,80.16
54:02.1,100
54:02.1,-0.32
54:02.1,-37.55
54:02.1,-34.63
54:02.1,-30.08
54:02.2,-24.59
54:02.2,-19.18
54:02.2,-12.42
54:02.2,0.3
54:02.2,14.29
54:02.3,19.47
54:02.3,14.32
54:02.3,8.5
54:02.3,4.58
54:02.3,2.87
54:02.4,2.13
54:02.4,2.73
54:02.4,3.35
54:02.4,4.52
54:02.4,5.73
54:02.5,7.49
54:02.5,8.9
54:02.5,8.93
54:02.5,8.71
54:02.5,8.56
54:02.6,9.37
54:02.6,12.62
54:02.6,14.49
54:02.6,10.84
54:02.6,5.9
54:02.7,2.62
54:02.7,-0.78
54:02.7,-24.2
54:02.7,156.16
54:02.8,79.1
54:02.8,-49.18
54:02.8,-57.4
54:02.8,-53.32
54:02.8,-47.54
54:02.8,-41
54:02.9,-33.44
54:02.9,-24.16
54:02.9,-10.29
54:02.9,4.53
54:02.9,10.99
54:03.0,9.29
54:03.0,4.48
54:03.0,1.88
54:03.0,1.5
54:03.0,1.35
54:03.1,1.26
54:03.1,1.62
54:03.1,2.47
54:03.1,3.89
54:03.1,5.24
54:03.2,6.6
54:03.2,7.31
54:03.2,7.77
54:03.2,8.54
54:03.2,10.57
54:03.3,15.62
54:03.3,16.69
54:03.3,13.23
54:03.3,9.01
54:03.3,5.82
54:03.4,2.41
54:03.4,-21.83
54:03.4,162.55
54:03.4,79.34
54:03.4,-41.02
54:03.5,-52.14
54:03.5,-48.02
54:03.5,-42.29
54:03.5,-34.83
54:03.5,-28.21
54:03.6,-20.95
54:03.6,-8.08
54:03.6,6.24
54:03.6,12.16
54:03.6,5.92
54:03.7,-1.62
54:03.7,-5.79
54:03.7,-6.88
54:03.7,-6.93
54:03.7,-6.39
54:03.8,-5.06
54:03.8,-3.66
54:03.8,-1.71
54:03.8,0.17
54:03.8,1.81
54:03.9,3.55
54:03.9,5.39
54:03.9,6.63
54:03.9,7.38
54:04.0,9.53
54:04.0,15
54:04.0,15
54:04.0,11.49
54:04.0,6.88
54:04.0,3.7
54:04.0,-0.56
54:04.1,-26.26
54:04.1,147.67
54:04.1,85.43
54:04.1,-31.67
54:04.2,-49.58
54:04.2,-43.31
54:04.2,-38.52
54:04.2,-32.1
54:04.2,-25.07
54:04.3,-16.18
54:04.3,-1.9
54:04.3,10.74
54:04.3,15.52
54:04.3,9.92
54:04.4,2.65
54:04.4,-2.71
54:04.4,-3.38
54:04.4,-3.24
54:04.4,-2.9
54:04.5,-1.97
54:04.5,-0.24
54:04.5,1.32
54:04.5,3.4
54:04.5,4.97
54:04.6,5.98
54:04.6,6.59
54:04.6,6.97
54:04.6,7.21
54:04.6,9.01
54:04.7,13.73
54:04.7,15.13
54:04.7,11.46
54:04.7,7.47
54:04.7,4.1
54:04.8,0.09
54:04.8,-24.63
54:04.8,136.12
54:04.8,79.37
54:04.8,-32.15
54:04.9,-48.63
54:04.9,-45.3
54:04.9,-40.53
54:04.9,-34.3
54:05.0,-28.33
54:05.0,-20.74
54:05.0,-7.38
54:05.0,6.63
54:05.0,12.26
54:05.0,9.35
54:05.0,4.16
54:05.1,-0.37
54:05.1,-0.68
54:05.1,-0.45
54:05.1,0.21
54:05.2,1.4
54:05.2,3.18
54:05.2,5.6
54:05.2,8.58
54:05.3,11.12
54:05.3,12.25
54:05.3,12.5
54:05.3,12.37
54:05.3,13.16
54:05.3,16.33
54:05.4,19.75
54:05.4,16.57
54:05.4,12.54
54:05.4,9.13
54:05.5,6.86
54:05.5,-2.7
54:05.5,16.7
54:05.5,130.7
54:05.5,-2.04
54:05.5,-47.78
54:05.6,-43.73
54:05.6,-38.88
54:05.6,-33.33
54:05.6,-28.52
54:05.6,-22.27
54:05.7,-12.6
54:05.7,0.95
54:05.7,11.57
54:05.7,11.21
54:05.7,7.52
54:05.7,2.51
54:05.8,-0.15
54:05.8,-0.52
54:05.8,-0.99
54:05.8,-0.99
54:05.9,-0.15
54:05.9,1.48
54:05.9,3.31
54:05.9,4.8
54:06.0,5.82
54:06.0,6.76
54:06.0,7.11
54:06.0,7.8
54:06.0,9.97
54:06.0,13.72
54:06.0,11.8
54:06.1,7
54:06.1,1.93
54:06.1,-0.99
54:06.2,-6.26
54:06.2,-24.82
54:06.2,179.81
54:06.2,43.44
54:06.2,-49.62
54:06.2,-50.88
54:06.2,-46.87
54:06.3,-41.69
54:06.3,-35.86
54:06.3,-29.18
54:06.3,-18.77
54:06.3,-2.36
54:06.4,11.05
54:06.4,14.37
54:06.4,10.18
54:06.5,4.35
54:06.5,1.59
54:06.5,0.45
54:06.5,-0.07
54:06.5,-0.05
54:06.5,0.41
54:06.6,1.4
54:06.6,2.73
54:06.6,4.7
54:06.6,6.71
54:06.6,7.83
54:06.7,8.2
54:06.7,8.66
54:06.7,10.85
54:06.7,14.63
54:06.8,11.92
54:06.8,7.1
54:06.8,3.29
54:06.8,1.32
54:06.8,-5.55
54:06.8,-22.94
54:06.9,166.96
54:06.9,32.82
54:06.9,-50.22
54:06.9,-50.02
54:07.0,-45.69
54:07.0,-39.64
54:07.0,-32.55
54:07.0,-25.63
54:07.0,-15.86
54:07.0,-1.43
54:07.0,12.3
54:07.1,15.46
54:07.1,12.25
54:07.1,7.64
54:07.1,4.47
54:07.2,2.5
54:07.2,1.52
54:07.2,1.35
54:07.2,2.03
54:07.3,3.25
54:07.3,4.52
54:07.3,5.79
54:07.3,6.73
54:07.3,7.64
54:07.3,8
54:07.3,8.71
54:07.4,11.11
54:07.4,13.32
54:07.4,11.1
54:07.5,7.41
54:07.5,4.28
54:07.5,2.46
54:07.5,-6.76
54:07.5,-1.25
54:07.5,101.78
54:07.5,7.69
54:07.6,-43.99
54:07.6,-48.29
54:07.6,-42.5
54:07.6,-35.83
54:07.7,-29.92
54:07.7,-23.58
54:07.7,-14.12
54:07.7,-0.9
54:07.8,9.55
54:07.8,8.57
54:07.8,4.12
54:07.8,-0.58
54:07.8,-3.2
54:07.8,-3.54
54:07.9,-3.37
54:07.9,-2.28
54:07.9,-0.09
54:07.9,2.87
54:07.9,5.22
54:08.0,7.81
54:08.0,9.06
54:08.0,9.38
54:08.0,9.27
54:08.0,11.19
54:08.1,14.92
54:08.1,13.76
54:08.1,10.1
54:08.1,6.33
54:08.1,3.09
54:08.2,-2.58
54:08.2,-24.3
54:08.2,160.75
54:08.2,60.23
54:08.3,-39.9
54:08.3,-45.49
54:08.3,-40.43
54:08.3,-34.96
54:08.3,-28.78
54:08.3,-22.51
54:08.3,-14.19
54:08.4,-1.37
54:08.4,9.28
54:08.4,10.37
54:08.4,5.96
54:08.5,-0.52
54:08.5,-4.46
54:08.5,-6.16
54:08.5,-6.09
54:08.5,-5.5
54:08.5,-3.57
54:08.6,-0.92
54:08.6,2.34
54:08.6,5.06
54:08.6,6.66
54:08.7,7.14
54:08.7,7.97
54:08.7,10.43
54:08.7,16.08
54:08.7,16.52
54:08.7,12.58
54:08.8,8.1
54:08.8,5.26
54:08.8,1.72
54:08.8,-20.1
54:08.9,165.28
54:08.9,64.25
54:08.9,-49.69
54:08.9,-51.83
54:08.9,-47.13
54:08.9,-40.56
54:09.0,-33.82
54:09.0,-26.8
54:09.0,-18.02
54:09.0,-4.46
54:09.1,9.71
54:09.1,14.63
54:09.1,10.52
54:09.1,5.4
54:09.1,2.2
54:09.1,1.21
54:09.2,1.49
54:09.2,2.46
54:09.2,3.42
54:09.3,4.93
54:09.3,6.13
54:09.3,7.27
54:09.3,8.06
54:09.3,8.58
54:09.3,8.68
54:09.4,8.95
54:09.4,10.82
54:09.4,14.41
54:09.4,12.7
54:09.4,9.23
54:09.5,5
54:09.5,2.72
54:09.5,-3.66
54:09.5,-17.11
54:09.6,161.68
54:09.6,25.36
54:09.6,-52.65
54:09.6,-52.96
54:09.6,-49.61
54:09.7,-43.49
54:09.7,-37.06
54:09.7,-30.59
54:09.7,-20.51
54:09.7,-6.83
54:09.7,8.33
54:09.8,10.85
54:09.8,5.11
54:09.8,-0.6
54:09.8,-3.93
54:09.8,-4.88
54:09.9,-3.85
54:09.9,-2.95
54:09.9,-2.39
54:09.9,-1.27
54:09.9,0.15
54:09.9,2.44
54:10.0,5.37
54:10.0,7.17
54:10.0,8.19
54:10.0,8.77
54:10.1,11.01
54:10.1,15.66
54:10.1,14.92
54:10.1,11.2
54:10.2,7.79
54:10.2,5.72
54:10.2,3.5
54:10.2,-17.2
54:10.2,171.11
54:10.2,69.21
54:10.2,-42.02
54:10.3,-45.69
54:10.3,-41.92
54:10.3,-37.11
54:10.3,-30.18
54:10.4,-24.66
54:10.4,-16.48
54:10.4,-2.46
54:10.4,10.46
54:10.4,14.13
54:10.4,10.01
54:10.5,4.26
54:10.5,-1.01
54:10.5,-2.02
54:10.5,-2.01
54:10.5,-1.73
54:10.6,-0.87
54:10.6,0.8
54:10.6,2.89
54:10.6,4.92
54:10.7,6.35
54:10.7,7.22
54:10.7,7.45
54:10.7,7.58
54:10.7,7.67
54:10.7,8.42
54:10.8,11.34
54:10.8,13.2
54:10.8,10.75
54:10.8,7.52
54:10.9,4.85
54:10.9,2.09
54:10.9,-20.2
54:10.9,116.21
54:10.9,100.12
54:10.9,-4.76
54:11.0,-47.21
54:11.0,-45.36
54:11.0,-40.63
54:11.0,-34.87
54:11.1,-27.7
54:11.1,-17.92
54:11.1,-4.06
54:11.1,9.96
54:11.1,16.05
54:11.2,11.53
54:11.2,4.71
54:11.2,-0.55
54:11.2,-2.33
54:11.2,-1.79
54:11.3,-0.59
54:11.3,0.2
54:11.3,1.53
54:11.3,2.83
54:11.3,4.36
54:11.3,5.49
54:11.4,6.23
54:11.4,6.98
54:11.4,7.5
54:11.5,7.86
54:11.5,9.81
54:11.5,14.21
54:11.5,13.7
54:11.5,10.26
54:11.5,7.36
54:11.6,5.58
54:11.6,2.04
54:11.6,-21.49
54:11.6,135.41
54:11.6,77.52
54:11.6,-31.76
54:11.7,-42.12
54:11.7,-38.73
54:11.7,-33.86
54:11.7,-27.97
54:11.8,-22.26
54:11.8,-15.34
54:11.8,-2.54
54:11.8,10.74
54:11.8,14.89
54:11.8,10.8
54:11.9,2.23
54:11.9,-4.2
54:11.9,-6.28
54:11.9,-5.73
54:11.9,-4.84
54:12.0,-3.12
54:12.0,0.09
54:12.0,3.18
54:12.0,5.98
54:12.0,8.44
54:12.1,9.06
54:12.1,9.04
54:12.1,8.79
54:12.1,9.67
54:12.1,13.42
54:12.2,15.14
54:12.2,11.55
54:12.2,7.57
54:12.2,4.62
54:12.3,1.8
54:12.3,-16.37
54:12.3,104.04
54:12.3,90.1
54:12.4,-2.94
54:12.4,-40.27
54:12.4,-37.58
54:12.4,-32.58
54:12.4,-27.74
54:12.4,-22.4
54:12.5,-15.09
54:12.5,-2.87
54:12.5,12.4
54:12.5,18.97
54:12.5,14.4
54:12.5,8.11
54:12.6,2.73
54:12.6,0.29
54:12.6,-0.27
54:12.6,0.15
54:12.7,0.38
54:12.7,1.42
54:12.7,3.06
54:12.7,4.79
54:12.7,6.13
54:12.7,7.02
54:12.8,7.59
54:12.8,7.95
54:12.8,8.19
54:12.9,9.74
54:12.9,12.96
54:12.9,11.5
54:12.9,6.24
54:12.9,1.02
54:12.9,-1.47
54:12.9,-6.4
54:13.0,-25.85
54:13.0,180.77
54:13.0,35.78
54:13.0,-56.06
54:13.1,-55.1
54:13.1,-50.53
54:13.1,-44.4
54:13.1,-36.85
54:13.2,-29.08
54:13.2,-20.45
54:13.2,-6.04
54:13.2,9.4
54:13.2,14.63
54:13.2,9.9
54:13.2,3.38
54:13.3,-0.04
54:13.3,-0.49
54:13.3,0.35
54:13.4,0.84
54:13.4,1.91
54:13.4,3.54
54:13.4,4.88
54:13.4,6.13
54:13.4,7.89
54:13.4,8.25
54:13.5,8.44
54:13.5,8.57
54:13.5,9.41
54:13.5,12.75
54:13.6,14.96
54:13.6,11.69
54:13.6,7.31
54:13.6,3.5
54:13.6,1.45
54:13.6,-15.46
54:13.7,75.47
54:13.7,109.52
54:13.7,-11.85
54:13.7,-46.34
54:13.7,-42.81
54:13.8,-37.53
54:13.8,-31.58
54:13.8,-26.54
54:13.8,-18.65
54:13.9,-5.87
54:13.9,8.31
54:13.9,16.86
54:13.9,12.11
54:14.0,4.26
54:14.0,-2.11
54:14.0,-4.78
54:14.0,-5.33
54:14.0,-5.22
54:14.0,-4.13
54:14.0,-1.96
54:14.1,1.29
54:14.1,4.73
54:14.1,7.82
54:14.1,9.59
54:14.2,10.12
54:14.2,10.08
54:14.2,10.06
54:14.2,11
54:14.2,14.32
54:14.3,15.27
54:14.3,12.08
54:14.3,7.41
54:14.3,3.54
54:14.3,0.08
54:14.3,-26.26
54:14.4,121.89
54:14.4,92.86
54:14.4,-18.12
54:14.4,-46.6
54:14.5,-42.17
54:14.5,-36.56
54:14.5,-29.94
54:14.5,-24
54:14.5,-17.08
54:14.6,-4.38
54:14.6,9.42
54:14.6,16.5
54:14.6,11.58
54:14.6,5.07
54:14.7,1.26
54:14.7,0.18
54:14.7,-0.26
54:14.7,-0.18
54:14.7,0.09
54:14.8,0.69
54:14.8,1.59
54:14.8,2.84
54:14.8,4.19
54:14.8,5.27
54:14.8,6.33
54:14.9,7.07
54:14.9,8.62
54:14.9,13.14
54:14.9,16.5
54:14.9,11.95
54:15.0,7.75
54:15.0,4.57
54:15.0,2.55
54:15.0,-6.66
54:15.0,2.23
54:15.1,103.48
54:15.1,9.75
54:15.1,-39.24
54:15.1,-39.04
54:15.2,-35.29
54:15.2,-31.05
54:15.2,-25.4
54:15.2,-18.59
54:15.2,-9.04
54:15.2,5.98
54:15.3,15.48
54:15.3,15.18
54:15.3,9.6
54:15.3,2.48
54:15.4,-2.14
54:15.4,-3.08
54:15.4,-3.05
54:15.4,-2.76
54:15.5,-1.43
54:15.5,0.83
54:15.5,3.86
54:15.5,6.24
54:15.5,7.3
54:15.5,7.53
54:15.6,7.65
54:15.6,8.8
54:15.6,12.81
54:15.6,14.06
54:15.6,10.63
54:15.6,6.3
54:15.7,2.97
54:15.7,-0.1
54:15.7,-21.9
54:15.7,124.75
54:15.8,84.61
54:15.8,-25.73
54:15.8,-44.42
54:15.8,-41.17
54:15.8,-35.93
54:15.8,-30.87
54:15.9,-24.39
54:15.9,-16.15
54:15.9,-2.24
54:15.9,11.18
54:16.0,15.06
54:16.0,10.92
54:16.0,5.19
54:16.0,2.01
54:16.0,1.55
54:16.0,1.7
54:16.1,1.78
54:16.1,2.03
54:16.1,3.36
54:16.2,4.99
54:16.2,6.15
54:16.2,6.68
54:16.2,7.02
54:16.2,7.24
54:16.2,7.58
54:16.2,10.11
54:16.3,14.36
54:16.3,12.52
54:16.3,9.68
54:16.3,7.02
54:16.4,4.22
54:16.4,-1.94
54:16.4,-14.59
54:16.4,162.17
54:16.4,37.79
54:16.5,-55.99
54:16.5,-57.82
54:16.5,-53.21
54:16.5,-47.16
54:16.5,-39.74
54:16.5,-33.18
54:16.6,-23.76
54:16.6,-8.34
54:16.6,5.52
54:16.6,8.54
54:16.6,3.33
54:16.7,-1.87
54:16.7,-3.96
54:16.7,-4.39
54:16.7,-3.32
54:16.7,-2.04
54:16.8,0.66
54:16.8,3.68
54:16.8,6.2
54:16.8,7.31
54:16.9,8.21
54:16.9,8.45
54:16.9,8.82
54:16.9,9.3
54:16.9,12.19
54:17.0,13.8
54:17.0,10.89
54:17.0,6.72
54:17.0,3.73
54:17.0,1.29
54:17.0,-13.68
54:17.1,53.57
54:17.1,118.24
54:17.1,-16.64
54:17.1,-49.7
54:17.1,-45.9
54:17.2,-41.06
54:17.2,-33.94
54:17.2,-27.93
54:17.2,-19.94
54:17.2,-8.55
54:17.3,6.32
54:17.3,14.25
54:17.3,11.12
54:17.3,5.83
54:17.3,0.9
54:17.4,-0.05
54:17.4,-0.4
54:17.4,-0.58
54:17.4,0.26
54:17.4,0.93
54:17.5,2.36
54:17.5,3.91
54:17.5,5.14
54:17.5,6.29
54:17.5,6.79
54:17.6,7.35
54:17.6,10.59
54:17.6,14.33
54:17.6,11.65
54:17.7,7.3
54:17.7,3.5
54:17.7,1.45
54:17.7,-4.7
54:17.7,-24.47
54:17.7,164.73
54:17.8,40.34
54:17.8,-45.58
54:17.8,-47.77
54:17.8,-43.66
54:17.8,-37.52
54:17.9,-30.45
54:17.9,-22.47
54:17.9,-12.44
54:17.9,1.3
54:17.9,11.74
54:18.0,12.53
54:18.0,7.33
54:18.0,-0.08
54:18.0,-4.99
54:18.0,-5.51
54:18.1,-5.32
54:18.1,-3.86
54:18.1,-2.13
54:18.1,-0.17
54:18.2,2.27
54:18.2,4.75
54:18.2,6.75
54:18.2,8.31
54:18.2,8.89
54:18.2,12.36
54:18.2,16.49
54:18.3,13.16
54:18.3,7.4
54:18.3,2.67
54:18.4,0.86
54:18.4,-4.33
54:18.4,-19.52
54:18.4,149.45
54:18.4,37.38
54:18.4,-47.98
54:18.5,-47.09
54:18.5,-42.07
54:18.5,-35.03
54:18.5,-26.82
54:18.5,-17.68
54:18.6,-6.5
54:18.6,8.98
54:18.6,20.65
54:18.6,18.28
54:18.7,12.04
54:18.7,4.18
54:18.7,0.68
54:18.7,-0.12
54:18.7,-0.08
54:18.7,0.21
54:18.8,1.53
54:18.8,3.77
54:18.8,5.81
54:18.8,7.96
54:18.8,9.06
54:18.8,9.36
54:18.9,9.27
54:18.9,11.11
54:18.9,14.77
54:19.0,12.89
54:19.0,8.15
54:19.0,3.97
54:19.0,2.12
54:19.0,-2.67
54:19.0,-19.13
54:19.1,174.4
54:19.1,37.82
54:19.1,-53.73
54:19.1,-53.98
54:19.1,-50.12
54:19.2,-44.03
54:19.2,-36.24
54:19.2,-28.77
54:19.2,-18.12
54:19.2,-3.16
54:19.3,10.53
54:19.3,12.86
54:19.3,7.23
54:19.3,0.49
54:19.3,-2.49
54:19.4,-2.72
54:19.4,-2.16
54:19.4,-1.84
54:19.4,-0.94
54:19.4,0.52
54:19.5,2.62
54:19.5,4.4
54:19.5,6.28
54:19.5,8.25
54:19.5,9.22
54:19.6,9.15
54:19.6,11.27
54:19.6,14.93
54:19.6,12.53
54:19.6,8.02
54:19.6,4.35
54:19.7,2.39
54:19.7,-3.27
54:19.7,-23.7
54:19.7,177.54
54:19.8,39.62
54:19.8,-54.61
54:19.8,-57.7
54:19.8,-50.72
54:19.8,-43.1
54:19.8,-35.66
54:19.9,-27.9
54:19.9,-17.64
54:19.9,-2.48
54:19.9,10.78
54:19.9,13.6
54:20.0,7.95
54:20.0,1.82
54:20.0,-0.73
54:20.0,-1.29
54:20.1,-1.19
54:20.1,-0.64
54:20.1,0.46
54:20.1,1.89
54:20.1,3.63
54:20.2,5.01
54:20.2,6.56
54:20.2,7.34
54:20.2,8.09
54:20.2,8.33
54:20.3,9.83
54:20.3,14.22
54:20.3,15.79
54:20.3,12.22
54:20.3,7.94
54:20.4,4.76
54:20.4,2.24
54:20.4,-16.62
54:20.4,86.19
54:20.5,108.01
54:20.5,-4.65
54:20.5,-46.52
54:20.5,-45.25
54:20.5,-41.2
54:20.5,-36.38
54:20.5,-30.82
54:20.6,-22.23
54:20.6,-8.8
54:20.6,6.85
54:20.6,13.16
54:20.6,7.38
54:20.7,0.76
54:20.7,-4.01
54:20.7,-5.52
54:20.7,-4.92
54:20.8,-4
54:20.8,-2.27
54:20.8,-0.92
54:20.8,0.92
54:20.8,3.26
54:20.8,4.97
54:20.9,6.37
54:20.9,6.91
54:20.9,7.48
54:20.9,7.86
54:20.9,10.35
54:21.0,13.13
54:21.0,11.21
54:21.0,7.52
54:21.0,4.77
54:21.1,2.81
54:21.1,-5.05
54:21.1,-8.25
54:21.1,89.75
54:21.1,17.99
54:21.1,-39.85
54:21.2,-40.85
54:21.2,-38.46
54:21.2,-34.47
54:21.3,-27.94
54:21.3,-20.1
54:21.3,-9.27
54:21.3,5.84
54:21.3,18.2
54:21.3,15.44
54:21.3,8.47
54:21.4,1.72
54:21.4,-1.97
54:21.4,-2.94
54:21.4,-2.23
54:21.4,-1.55
54:21.5,-0.05
54:21.5,2.04
54:21.5,4.38
54:21.5,7.51
54:21.6,9.32
54:21.6,9.94
54:21.6,11.16
54:21.6,14.09
54:21.6,20.36
54:21.7,19.68
54:21.7,15.09
54:21.7,10.99
54:21.7,7.29
54:21.8,2.16
54:21.8,-20.04
54:21.8,180.18
54:21.8,55.98
54:21.8,-51
54:21.8,-50.08
54:21.8,-45.01
54:21.9,-38.47
54:21.9,-30.71
54:21.9,-24.06
54:22.0,-15.2
54:22.0,-2.69
54:22.0,10.07
54:22.0,13.97
54:22.0,8.87
54:22.0,2.36
54:22.0,-1.05
54:22.1,-1.49
54:22.1,-0.99
54:22.1,-0.71
54:22.2,-0.31
54:22.2,1.05
54:22.2,2.6
54:22.2,4.19
54:22.2,5.37
54:22.2,6.46
54:22.2,7.2
54:22.3,9.55
54:22.3,14.71
54:22.3,13.93
54:22.3,9.75
54:22.4,5.52
54:22.4,2.97
54:22.4,-2.03
54:22.4,-24.02
54:22.4,186.41
54:22.4,48.34
54:22.5,-56.87
54:22.5,-55.15
54:22.5,-50.37
54:22.5,-43.69
54:22.6,-35.77
54:22.6,-27.91
54:22.6,-17.02
54:22.6,-1.39
54:22.7,13.98
54:22.7,18.13
54:22.7,13.86
54:22.7,7.1
54:22.7,2.74
54:22.7,1.39
54:22.8,1.63
54:22.8,2.03
54:22.8,2.27
54:22.8,3.28
54:22.8,4.41
54:22.8,5.87
54:22.9,6.78
54:22.9,7.39
54:22.9,7.79
54:22.9,8.74
54:23.0,11.48
54:23.0,16.09
54:23.0,13.82
54:23.0,8.67
54:23.0,4.05
54:23.0,1.6
54:23.1,-2.87
54:23.1,-21.99
54:23.1,179.31
54:23.1,42.56
54:23.2,-54.37
54:23.2,-55.86
54:23.2,-51.81
54:23.2,-44.71
54:23.2,-37.81
54:23.2,-30.73
54:23.3,-20.85
54:23.3,-5.15
54:23.3,9.34
54:23.4,13.19
54:23.4,7.93
54:23.4,1.33
54:23.4,-2.62
54:23.4,-3.77
54:23.4,-3.86
54:23.4,-2.79
54:23.5,-2.02
54:23.5,-0.96
54:23.5,0.37
54:23.5,2.27
54:23.5,4.12
54:23.6,5.43
54:23.6,6.25
54:23.6,6.75
54:23.6,8.07
54:23.7,12.49
54:23.7,14.79
54:23.7,11.33
54:23.7,7.79
54:23.8,5.25
54:23.8,3.11
54:23.8,-11.53
54:23.8,58.89
54:23.8,124.47
54:23.8,-15.23
54:23.8,-47.81
54:23.9,-45.54
54:23.9,-40.18
54:23.9,-33.45
54:23.9,-26.7
54:24.0,-18.08
54:24.0,-5.74
54:24.0,7
54:24.0,15.55
54:24.0,12.81
54:24.1,7.76
54:24.1,2.46
54:24.1,0.2
54:24.1,-0.3
54:24.2,-0.53
54:24.2,-0.14
54:24.2,0.58
54:24.2,1.6
54:24.2,3.19
54:24.2,5.17
54:24.2,6.75
54:24.3,7.49
54:24.3,7.92
54:24.3,8.19
54:24.3,10.73
54:24.4,14.65
54:24.4,13.55
54:24.4,10.26
54:24.4,7.34
54:24.4,5.56
54:24.4,0.54
54:24.5,-24.4
54:24.5,176.97
54:24.5,63.44
54:24.5,-43.33
54:24.6,-50.39
54:24.6,-46.43
54:24.6,-41.68
54:24.6,-35.41
54:24.7,-28.32
54:24.7,-19.29
54:24.7,-4.3
54:24.7,10.11
54:24.7,13.43
54:24.7,9.19
54:24.7,3.33
54:24.8,-0.97
54:24.8,-2.93
54:24.8,-2.96
54:24.8,-2.68
54:24.8,-1.55
54:24.9,-0.1
54:24.9,1.66
54:24.9,3.04
54:24.9,4.9
54:24.9,6.27
54:25.0,7.14
54:25.0,7.97
54:25.0,10.42
54:25.0,15.04
54:25.1,14.13
54:25.1,9.2
54:25.1,4.99
54:25.1,3.13
54:25.1,-1.27
54:25.2,-25.27
54:25.2,163.79
54:25.2,65.98
54:25.2,-40.11
54:25.2,-45.53
54:25.3,-42.25
54:25.3,-36.85
54:25.3,-30.36
54:25.3,-24.28
54:25.4,-15.59
54:25.4,-0.65
54:25.4,12.61
54:25.4,14.87
54:25.4,10.22
54:25.4,2.37
54:25.4,-2.31
54:25.5,-4.18
54:25.5,-4.93
54:25.5,-4.95
54:25.5,-3.73
54:25.5,-2.45
54:25.6,-1.18
54:25.6,0.62
54:25.6,2.02
54:25.6,3.28
54:25.7,4.42
54:25.7,6.95
54:25.7,12.65
54:25.7,15.22
54:25.7,10.46
54:25.8,5.98
54:25.8,3.11
54:25.8,1.76
54:25.8,-15.92
54:25.9,119.46
54:25.9,93.8
54:25.9,-16.48
54:25.9,-41.85
54:25.9,-38.09
54:25.9,-33.76
54:25.9,-29.45
54:26.0,-25.39
54:26.0,-18.63
54:26.0,-4.95
54:26.0,10.75
54:26.0,15.75
54:26.1,12.08
54:26.1,4.42
54:26.1,-2.46
54:26.1,-6.64
54:26.2,-6.32
54:26.2,-5.87
54:26.2,-4.78
54:26.2,-4
54:26.2,-2.42
54:26.2,-0.52
54:26.3,1.62
54:26.3,3.16
54:26.3,4.11
54:26.3,4.98
54:26.4,8.06
54:26.4,15.44
54:26.4,13.11
54:26.4,9.61
54:26.4,7.15
54:26.4,5.87
54:26.5,0.69
54:26.5,-4.27
54:26.5,131.56
54:26.5,19
54:26.6,-51.24
54:26.6,-49.25
54:26.6,-44.95
54:26.6,-38.64
54:26.6,-30.91
54:26.6,-24.74
54:26.7,-13.5
54:26.7,3.06
54:26.7,16.92
54:26.7,17.65
54:26.8,12.66
54:26.8,6.57
54:26.8,3.14
54:26.8,1.69
54:26.9,1.43
54:26.9,2.17
54:26.9,2.39
54:26.9,2.75
54:26.9,3.63
54:27.0,4.85
54:27.0,5.66
54:27.0,6.26
54:27.0,7.39
54:27.0,9.11
54:27.1,13.3
54:27.1,14.85
54:27.1,12.72
54:27.1,10.26
54:27.1,6.74
54:27.1,4.32
54:27.1,-9.39
54:27.2,69.45
54:27.2,127.22
54:27.2,-17.33
54:27.2,-48
54:27.3,-43.2
54:27.3,-38.03
54:27.3,-31.27
54:27.3,-25.14
54:27.3,-17.01
54:27.3,-7.24
54:27.4,6.89
54:27.4,14.99
54:27.4,10.82
54:27.4,3.86
54:27.5,-0.42
54:27.5,-3.18
54:27.5,-3.97
54:27.5,-3.64
54:27.6,-2.92
54:27.6,-1.41
54:27.6,0.44
54:27.6,2.55
54:27.6,4.79
54:27.6,5.96
54:27.6,6.62
54:27.7,7.29
54:27.7,9.8
54:27.7,15.26
54:27.7,13.73
54:27.7,9.23
54:27.7,5.04
54:27.8,1.29
54:27.8,-4.78
54:27.8,-27.58
54:27.8,177.59
54:27.8,49.05
54:27.9,-50.77
54:27.9,-51.9
54:27.9,-48.4
54:27.9,-43.14
54:28.0,-35.62
54:28.0,-28.05
54:28.0,-17.24
54:28.0,-2.15
54:28.0,11.56
54:28.1,13.2
54:28.1,7.65
54:28.1,-0.22
54:28.1,-5.16
54:28.1,-6.62
54:28.2,-6.37
54:28.2,-5.67
54:28.2,-3.61
54:28.2,-1.16
54:28.3,1.07
54:28.3,3.63
54:28.3,5.31
54:28.3,6.27
54:28.3,6.81
54:28.3,7.93
54:28.4,12.9
54:28.4,17.3
54:28.4,12.49
54:28.4,7.87
54:28.5,5.5
54:28.5,4.03
54:28.5,-6.11
54:28.5,49.55
54:28.5,124.76
54:28.5,-12.61
54:28.6,-43.86
54:28.6,-39.16
54:28.6,-35.71
54:28.6,-31.57
54:28.6,-27.07
54:28.7,-20.32
54:28.7,-9.44
54:28.7,5.69
54:28.7,14.07
54:28.8,11.62
54:28.8,7.2
54:28.8,3.79
54:28.8,2.09
54:28.8,0.91
54:28.8,0.27
54:28.9,1.05
54:28.9,1.83
54:28.9,2.9
54:28.9,3.72
54:29.0,5.09
54:29.0,5.63
54:29.0,5.98
54:29.0,6.43
54:29.1,8.66
54:29.1,12.7
54:29.1,9.51
54:29.1,5.06
54:29.1,2.71
54:29.1,0.36
54:29.1,-6.46
54:29.2,-11.92
54:29.2,123.62
54:29.2,14.74
54:29.2,-56.01
54:29.2,-56.89
54:29.3,-51.51
54:29.3,-44.14
54:29.3,-35.19
54:29.3,-27.98
54:29.3,-17.77
54:29.4,-1.34
54:29.4,11.37
54:29.4,14.44
54:29.4,8.81
54:29.5,3.26
54:29.5,-0.49
54:29.5,-0.73
54:29.5,-0.49
54:29.5,-0.1
54:29.6,1.31
54:29.6,3.4
54:29.6,5.87
54:29.6,7.37
54:29.6,7.92
54:29.6,7.94
54:29.7,7.96
54:29.7,8.51
54:29.7,11.1
54:29.7,12.32
54:29.8,9.2
54:29.8,5.32
54:29.8,1.71
54:29.8,-1.26
54:29.8,-21.57
54:29.9,93.96
54:29.9,110.64
54:29.9,-0.23
54:29.9,-49.8
54:29.9,-46.55
54:30.0,-40.3
54:30.0,-34.22
54:30.0,-27.69
54:30.0,-20.26
54:30.0,-7.18
54:30.0,7.28
54:30.1,14.54
54:30.1,11.89
54:30.1,6.43
54:30.1,2.71
54:30.2,1.44
54:30.2,1.28
54:30.2,1.76
54:30.2,2.56
54:30.2,3.16
54:30.2,4.3
54:30.3,6.03
54:30.3,7.83
54:30.3,9.51
54:30.3,10.33
54:30.4,11.69
54:30.4,16.28
54:30.4,20.48
54:30.4,15.2
54:30.4,8.15
54:30.4,4.25
54:30.4,2.68
54:30.5,-5.79
54:30.5,-6.46
54:30.5,77.15
54:30.5,15.99
54:30.5,-40.89
54:30.6,-44.46
54:30.6,-40.9
54:30.6,-35.72
54:30.6,-30.88
54:30.7,-24.49
54:30.7,-14.67
54:30.7,-1.02
54:30.7,10.93
54:30.8,11.63
54:30.8,7.18
54:30.8,2
54:30.8,-0.97
54:30.8,-2.31
54:30.8,-2.56
54:30.9,-2.12
54:30.9,-1.11
54:30.9,0.97
54:30.9,2.89
54:31.0,4.61
54:31.0,5.76
54:31.0,6.46
54:31.0,8.54
54:31.0,13.58
54:31.0,16.49
54:31.1,11.59
54:31.1,6.52
54:31.1,3.28
54:31.1,0.45
54:31.1,-12.86
54:31.2,38.64
54:31.2,112.28
54:31.2,-10.1
54:31.2,-40.67
54:31.3,-36.94
54:31.3,-33.73
54:31.3,-28.77
54:31.3,-23.5
54:31.3,-16.69
54:31.3,-4.39
54:31.3,10.57
54:31.4,16.99
54:31.4,14.72
54:31.4,9.08
54:31.4,4.52
54:31.5,2.31
54:31.5,1.35
54:31.5,1.23
54:31.5,2.47
54:31.6,4.28
54:31.6,6.39
54:31.6,8.32
54:31.6,9.26
54:31.6,10.71
54:31.6,13.3
54:31.7,20.09
54:31.7,19.53
54:31.7,13.56
54:31.7,7.9
54:31.7,4.87
54:31.8,1.33
54:31.8,-22.87
54:31.8,122.33
54:31.8,94.8
54:31.8,-20.71
54:31.9,-50.58
54:31.9,-48.52
54:31.9,-43.26
54:31.9,-37.55
54:32.0,-32.6
54:32.0,-24.24
54:32.0,-10.36
54:32.0,4.45
54:32.0,11.64
54:32.0,8.35
54:32.1,3.41
54:32.1,-0.24
54:32.1,-1.51
54:32.1,-2.44
54:32.2,-1.98
54:32.2,-0.92
54:32.2,0.95
54:32.2,3.17
54:32.2,4.85
54:32.3,6.27
54:32.3,7.16
54:32.3,8.28
54:32.3,12.24
54:32.3,16.61
54:32.3,13.59
54:32.4,8.58
54:32.4,4.92
54:32.4,2.66
54:32.4,-5.74
54:32.4,-3.66
54:32.5,99.13
54:32.5,5.72
54:32.5,-53.25
54:32.5,-52.16
54:32.5,-47.62
54:32.6,-41.96
54:32.6,-35.32
54:32.6,-28.66
54:32.6,-18.45
54:32.7,-2.3
54:32.7,11.7
54:32.7,11.9
54:32.7,7.43
54:32.7,2.15
54:32.8,-0.91
54:32.8,-1.84
54:32.8,-1.55
54:32.8,-0.57
54:32.8,1.21
54:32.8,3.94
54:32.9,6.91
54:32.9,8.14
54:32.9,8.44
54:32.9,8.59
54:32.9,9.35
54:33.0,13.18
54:33.0,14.63
54:33.0,11.32
54:33.0,7.96
54:33.0,5.43
54:33.1,3.23
54:33.1,-17.98
54:33.1,106.37
54:33.1,106.96
54:33.1,32.92
54:33.2,-41.57
54:33.2,-44.63
54:33.2,-39.93
54:33.2,-33.41
54:33.2,-26.22
54:33.3,-18.31
54:33.3,-4.93
54:33.3,10.13
54:33.3,15.51
54:33.4,11.93
54:33.4,6.73
54:33.4,2.87
54:33.4,1.05
54:33.4,0.24
54:33.4,0.17
54:33.5,0.87
54:33.5,1.87
54:33.5,3.17
54:33.5,4.24
54:33.5,5
54:33.6,5.79
54:33.6,7.36
54:33.6,12.5
54:33.6,16.74
54:33.6,12.67
54:33.7,7.24
54:33.7,4.1
54:33.7,2.71
54:33.7,-4.96
54:33.8,-5.52
54:33.8,67.2
54:33.8,11.31
54:33.8,-40.93
54:33.8,-43.57
54:33.8,-38.51
54:33.9,-32.65
54:33.9,-27.61
54:33.9,-21.22
54:33.9,-10.43
54:33.9,3.42
54:33.9,12.48
54:34.0,12.8
54:34.0,7.4
54:34.0,0.45
54:34.0,-3.04
54:34.1,-3.96
54:34.1,-3.97
54:34.1,-3.18
54:34.1,-1.34
54:34.1,0.9
54:34.1,4.06
54:34.2,7.22
54:34.2,10.05
54:34.2,11.26
54:34.3,13.26
54:34.3,18.12
54:34.3,17.15
54:34.3,12.47
54:34.3,8.64
54:34.3,5.16
54:34.4,1.08
54:34.4,-21.51
54:34.4,169.71
54:34.4,69.07
54:34.4,-41.92
54:34.5,-45.69
54:34.5,-43.04
54:34.5,-38.49
54:34.5,-32.06
54:34.5,-25.17
54:34.5,-16.29
54:34.6,-3.15
54:34.6,10.06
54:34.6,14.67
54:34.6,10.61
54:34.7,5
54:34.7,1.93
54:34.7,0.61
54:34.7,0.39
54:34.7,0.56
54:34.8,0.89
54:34.8,1.54
54:34.8,2.92
54:34.8,3.99
54:34.9,4.79
54:34.9,5.37
54:34.9,6.48
54:34.9,8.95
54:34.9,15.03
54:34.9,15.5
54:34.9,11.5
54:35.0,6.58
54:35.0,3.43
54:35.0,0.14
54:35.0,-23.88
54:35.1,147.57
54:35.1,89.26
54:35.1,-33.84
54:35.1,-54.44
54:35.1,-50.36
54:35.2,-43.73
54:35.2,-38.42
54:35.2,-33.02
54:35.2,-23.24
54:35.3,-8.73
54:35.3,7.22
54:35.3,14.01
54:35.3,9.95
54:35.3,5.02
54:35.3,0.53
54:35.4,-1.18
54:35.4,-1.11
54:35.4,-0.79
54:35.4,0.13
54:35.5,1.6
54:35.5,3.13
54:35.5,4.62
54:35.5,5.98
54:35.5,6.92
54:35.5,7.52
54:35.6,8.67
54:35.6,12.84
54:35.6,16.98
54:35.6,14.28
54:35.7,10.39
54:35.7,7.98
54:35.7,6.77
54:35.7,-0.42
54:35.7,-0.2
54:35.7,73.26
54:35.7,19.93
54:35.8,-41.17
54:35.8,-44.52
54:35.8,-40.4
54:35.8,-33.35
54:35.9,-25.54
54:35.9,-18.96
54:35.9,-9.06
54:35.9,5.53
54:35.9,17.98
54:35.9,18.65
54:36.0,12.07
54:36.0,5.29
54:36.0,0.77
54:36.0,-0.11
54:36.1,-0.44
54:36.1,-0.31
54:36.1,0.45
54:36.1,1.52
54:36.1,2.92
54:36.2,4.07
54:36.2,5.19
54:36.2,6.27
54:36.2,6.76
54:36.3,7.81
54:36.3,11.26
54:36.3,15.31
54:36.3,12.1
54:36.3,7.74
54:36.3,4.14
54:36.3,2.27
54:36.4,-5.63
54:36.4,-10.16
54:36.4,104.59
54:36.4,17.29
54:36.4,-47.31
54:36.5,-46.16
54:36.5,-42.59
54:36.5,-36.78
54:36.5,-29.75
54:36.6,-22.21
54:36.6,-11.35
54:36.6,4.44
54:36.6,16.52
54:36.6,13.56
54:36.6,6.95
54:36.7,0.56
54:36.7,-1.9
54:36.7,-2.38
54:36.7,-2.26
54:36.8,-1.43
54:36.8,0.44
54:36.8,3.36
54:36.8,6.22
54:36.9,8.12
54:36.9,8.44
54:36.9,8.32
54:36.9,8.24
54:36.9,9.16
54:36.9,12.44
54:36.9,15.47
54:37.0,11.32
54:37.0,6.69
54:37.0,3.5
54:37.0,1.06
54:37.0,-10.77
54:37.1,51.72
54:37.1,120.92
54:37.1,-17.27
54:37.1,-50.72
54:37.1,-43.65
54:37.2,-38.44
54:37.2,-32.38
54:37.2,-26.33
54:37.2,-19.77
54:37.3,-9.04
54:37.3,7.67
54:37.3,19.03
54:37.3,15.78
54:37.3,9.48
54:37.4,4.46
54:37.4,1.69
54:37.4,0.95
54:37.4,1.3
54:37.4,2.04
54:37.4,3.57
54:37.5,6.03
54:37.5,8.11
54:37.5,9.15
54:37.5,9.73
54:37.6,10.08
54:37.6,10.06
54:37.6,10.81
54:37.6,13.59
54:37.6,15.04
54:37.7,11.49
54:37.7,6.86
54:37.7,3.21
